Common Fish Name,Temperament,Coral Safety,Grows To,Starting Tank Size,Lifespan,Sand Substrate Required,CB's Recommended Fish Food,Feeding Difficulty,Feeding Times per Day,Scientific Name,Origin,Temperature Range,Salinity Range,Water PH,Water Alkalinity Recommendation,Water Flow Preference,Typical Color,Community Suitability,Fish Name,Common Fish Name,QR,SKU
Angel Annularis (Large),Semi-Aggressive,Not Reef Safe,12 Inches,55 Gallon,10-15 Years,No,"Emerald Entree, Marine Cuisine,  Beta Brine",Easy,2-3,Chaetodontoplus septentrionalis (Blue-lined) / Pomacanthus annularis,Indo-Pacific,76-84°F,1.019-1.025 SG,8.1-8.4,8-12 dKH,Moderate,"Blue-black body with yellow rear, blue ring behind head",Semi-Aggressive Community,Angel Annularis (Large),Angel Annularis (Large),https://bubba751.github.io/Saltwater-HTML-Files/Angel Annularis (Large).html,AL02
Angel Annularis (Medium),Semi-Aggressive,Not Reef Safe,12 Inches,55 Gallon,10-15 Years,No,"Emerald Entree, Marine Cuisine,  Beta Brine",Easy,2-3,Chaetodontoplus septentrionalis (Blue-lined) / Pomacanthus annularis,Indo-Pacific,76-84°F,1.019-1.025 SG,8.1-8.4,8-12 dKH,Moderate,"Blue-black body with yellow rear, blue ring behind head",Semi-Aggressive Community,Angel Annularis (Medium),Angel Annularis (Medium),https://bubba751.github.io/Saltwater-HTML-Files/Angel Annularis (Medium).html,AL01
Angel Asfur,Semi-Aggressive,Not Reef Safe,13 Inches,55 Gallon,10-15 Years,No,"Emerald Entree, Marine Cuisine,  Beta Brine",Easy,2-3,Pomacanthus asfur,"Red Sea, Western Indian Ocean",76-84°F,1.019-1.025 SG,8.1-8.4,8-12 dKH,Moderate,Dark blue/black body with yellow crescent and yellow tail,Semi-Aggressive Community,Angel Asfur,Angel Asfur,https://bubba751.github.io/Saltwater-HTML-Files/Angel Asfur.html,AL03
Angel Bi-Color,Semi-Aggressive,Not Reef Safe,4 Inches,29 Gallon,5-10 Years,No,"Emerald Entree, Marine Cuisine,  Beta Brine",Moderate,2-3,Centropyge bicolor,Indo-Pacific,76-84°F,1.019-1.025 SG,8.1-8.4,8-12 dKH,Moderate,"Bright yellow front half, deep blue/purple rear half",Semi-Aggressive Community,Angel Bi-Color,Angel Bi-Color,https://bubba751.github.io/Saltwater-HTML-Files/Angel Bi-Color.html,AD01
Angel Black,Semi-Aggressive,Not Reef Safe,10 Inches,55 Gallon,10-15 Years,No,"Emerald Entree, Marine Cuisine,  Beta Brine",Moderate,2-3,Genicanthus melanospilos or melanistic form,Indo-Pacific,76-84°F,1.019-1.025 SG,8.1-8.4,8-12 dKH,Moderate,Solid black to charcoal body,Semi-Aggressive Community,Angel Black,Angel Black,https://bubba751.github.io/Saltwater-HTML-Files/Angel Black.html,AL04
Angel Blue Face,Semi-Aggressive,Not Reef Safe,12 Inches,55 Gallon,10-15 Years,No,"Emerald Entree, Marine Cuisine,  Beta Brine",Easy,2-3,Pomacanthus xanthometopon,Indo-Pacific,76-84°F,1.019-1.025 SG,8.1-8.4,8-12 dKH,Moderate,"Bright blue face, yellow body with blue-outlined scales",Semi-Aggressive Community,Angel Blue Face,Angel Blue Face,https://bubba751.github.io/Saltwater-HTML-Files/Angel Blue Face.html,AL05
Angel Coral Beauty (Large),Peaceful,Reef Caution,4 Inches,29 Gallon,5-10 Years,No,"Emerald Entree, Marine Cuisine,  Beta Brine",Easy,2-3,Centropyge bispinosa,Indo-Pacific,76-84°F,1.019-1.025 SG,8.1-8.4,8-12 dKH,Moderate,Purple-blue body with orange highlights,Peaceful,Angel Coral Beauty (Large),Angel Coral Beauty (Large),https://bubba751.github.io/Saltwater-HTML-Files/Angel Coral Beauty (Large).html,AD04
Angel Coral Beauty (Medium),Peaceful,Reef Caution,4 Inches,29 Gallon,5-10 Years,No,"Emerald Entree, Marine Cuisine,  Beta Brine",Easy,2-3,Centropyge bispinosa,Indo-Pacific,76-84°F,1.019-1.025 SG,8.1-8.4,8-12 dKH,Moderate,Purple-blue body with orange highlights,Peaceful,Angel Coral Beauty (Medium),Angel Coral Beauty (Medium),https://bubba751.github.io/Saltwater-HTML-Files/Angel Coral Beauty (Medium).html,AD03
Angel Coral Beauty (Small),Peaceful,Reef Caution,4 Inches,29 Gallon,5-10 Years,No,"Emerald Entree, Marine Cuisine,  Beta Brine",Easy,2-3,Centropyge bispinosa,Indo-Pacific,76-84°F,1.019-1.025 SG,8.1-8.4,8-12 dKH,Moderate,Purple-blue body with orange highlights,Peaceful,Angel Coral Beauty (Small),Angel Coral Beauty (Small),https://bubba751.github.io/Saltwater-HTML-Files/Angel Coral Beauty (Small).html,AD02
Angel Cream,Peaceful,Reef Caution,6 Inches,29 Gallon,5-10 Years,No,"Emerald Entree, Marine Cuisine,  Beta Brine",Moderate,2-3,Centropyge sp. (cream/leucistic morph),Indo-Pacific,76-84°F,1.019-1.025 SG,8.1-8.4,8-12 dKH,Moderate,Pale cream/white body,Peaceful,Angel Cream,Angel Cream,https://bubba751.github.io/Saltwater-HTML-Files/Angel Cream.html,AL06
Angel Eibli,Peaceful,Reef Caution,8 Inches,55 Gallon,8-12 Years,No,"Emerald Entree, Marine Cuisine,  Beta Brine",Easy,2-3,Centropyge eibli,Indo-Pacific,76-84°F,1.019-1.025 SG,8.1-8.4,8-12 dKH,Moderate,"Gray-brown body with vertical orange stripes, blue-edged tail",Peaceful,Angel Eibli,Angel Eibli,https://bubba751.github.io/Saltwater-HTML-Files/Angel Eibli.html,AD05
Angel Emperor Adult (Large),Semi-Aggressive,Not Reef Safe,12 Inches,55 Gallon,20+ Years,No,"Emerald Entree, Marine Cuisine,  Beta Brine",Easy,2-3,Pomacanthus imperator,"Indo-Pacific, Red Sea",76-84°F,1.019-1.025 SG,8.1-8.4,8-12 dKH,Moderate,"Blue and yellow horizontal stripes, yellow face mask",Semi-Aggressive Community,Angel Emperor Adult (Large),Angel Emperor Adult (Large),https://bubba751.github.io/Saltwater-HTML-Files/Angel Emperor Adult (Large).html,AL10
Angel Emperor Juvenile (Medium),Semi-Aggressive,Not Reef Safe,12 Inches,55 Gallon,20+ Years,No,"Emerald Entree, Marine Cuisine,  Beta Brine",Easy,2-3,Pomacanthus imperator (juvenile),"Indo-Pacific, Red Sea",76-84°F,1.019-1.025 SG,8.1-8.4,8-12 dKH,Moderate,"Dark blue body with white concentric rings, changes to adult pattern with age",Semi-Aggressive Community,Angel Emperor Juvenile (Medium),Angel Emperor Juvenile (Medium),https://bubba751.github.io/Saltwater-HTML-Files/Angel Emperor Juvenile (Medium).html,AL09
Angel Emperor Juvenile (Small),Semi-Aggressive,Not Reef Safe,12 Inches,55 Gallon,20+ Years,No,"Emerald Entree, Marine Cuisine,  Beta Brine",Easy,2-3,Pomacanthus imperator (juvenile),"Indo-Pacific, Red Sea",76-84°F,1.019-1.025 SG,8.1-8.4,8-12 dKH,Moderate,"Dark blue body with white concentric rings, changes to adult pattern with age",Semi-Aggressive Community,Angel Emperor Juvenile (Small),Angel Emperor Juvenile (Small),https://bubba751.github.io/Saltwater-HTML-Files/Angel Emperor Juvenile (Small).html,AL08
Angel Flagfin,Semi-Aggressive,Not Reef Safe,8 Inches,55 Gallon,8-12 Years,No,"Emerald Entree, Marine Cuisine,  Beta Brine",Moderate,2-3,Apolemichthys trimaculatus (Flagfin/Threespot),Indo-Pacific,76-84°F,1.019-1.025 SG,8.1-8.4,8-12 dKH,Moderate,"Bright yellow body, blue lips, black spot near eye",Semi-Aggressive Community,Angel Flagfin,Angel Flagfin,https://bubba751.github.io/Saltwater-HTML-Files/Angel Flagfin.html,AL07
Angel Flame (Large),Peaceful,Reef Caution,4 Inches,29 Gallon,5-10 Years,No,"Emerald Entree, Marine Cuisine,  Beta Brine",Easy,2-3,Centropyge loricula,Central/Western Pacific,76-84°F,1.019-1.025 SG,8.1-8.4,8-12 dKH,Moderate,Bright red-orange with vertical black bars,Peaceful,Angel Flame (Large),Angel Flame (Large),https://bubba751.github.io/Saltwater-HTML-Files/Angel Flame (Large).html,AD08
Angel Flame (Medium),Peaceful,Reef Caution,4 Inches,29 Gallon,5-10 Years,No,"Emerald Entree, Marine Cuisine,  Beta Brine",Easy,2-3,Centropyge loricula,Central/Western Pacific,76-84°F,1.019-1.025 SG,8.1-8.4,8-12 dKH,Moderate,Bright red-orange with vertical black bars,Peaceful,Angel Flame (Medium),Angel Flame (Medium),https://bubba751.github.io/Saltwater-HTML-Files/Angel Flame (Medium).html,AD07
Angel Flame (Small),Peaceful,Reef Caution,4 Inches,29 Gallon,5-10 Years,No,"Emerald Entree, Marine Cuisine,  Beta Brine",Easy,2-3,Centropyge loricula,Central/Western Pacific,76-84°F,1.019-1.025 SG,8.1-8.4,8-12 dKH,Moderate,Bright red-orange with vertical black bars,Peaceful,Angel Flame (Small),Angel Flame (Small),https://bubba751.github.io/Saltwater-HTML-Files/Angel Flame (Small).html,AD06
Angel Flameback,Peaceful,Reef Caution,3 Inches,29 Gallon,5-8 Years,No,"Emerald Entree, Marine Cuisine,  Beta Brine",Easy,2-3,Centropyge acanthops / aurantonotus,Western Indian Ocean / Western Atlantic,76-84°F,1.019-1.025 SG,8.1-8.4,8-12 dKH,Moderate,Deep blue/purple body with orange-red patch on back,Peaceful,Angel Flameback,Angel Flameback,https://bubba751.github.io/Saltwater-HTML-Files/Angel Flameback.html,AD09
Angel Koran (Medium),Semi-Aggressive,Not Reef Safe,12 Inches,55 Gallon,10-15 Years,No,"Emerald Entree, Marine Cuisine,  Beta Brine",Easy,2-3,Pomacanthus semicirculatus,Indo-Pacific,76-84°F,1.019-1.025 SG,8.1-8.4,8-12 dKH,Moderate,Dark green/blue body with pale blue rings and spots,Semi-Aggressive Community,Angel Koran (Medium),Angel Koran (Medium),https://bubba751.github.io/Saltwater-HTML-Files/Angel Koran (Medium).html,AL12
Angel Koran (Small),Semi-Aggressive,Not Reef Safe,12 Inches,55 Gallon,10-15 Years,No,"Emerald Entree, Marine Cuisine,  Beta Brine",Easy,2-3,Pomacanthus semicirculatus,Indo-Pacific,76-84°F,1.019-1.025 SG,8.1-8.4,8-12 dKH,Moderate,Dark green/blue body with pale blue rings and spots,Semi-Aggressive Community,Angel Koran (Small),Angel Koran (Small),https://bubba751.github.io/Saltwater-HTML-Files/Angel Koran (Small).html,AL11
Angel Lemon Peel,Peaceful,Reef Caution,5 Inches,29 Gallon,5-10 Years,No,"Emerald Entree, Marine Cuisine,  Beta Brine",Easy,2-3,Centropyge flavissima,Western Pacific,76-84°F,1.019-1.025 SG,8.1-8.4,8-12 dKH,Moderate,Bright solid yellow with faint blue eye-ring,Peaceful,Angel Lemon Peel,Angel Lemon Peel,https://bubba751.github.io/Saltwater-HTML-Files/Angel Lemon Peel.html,AD10
Angel Majestic (Large),Peaceful,Not Reef Safe,10 Inches,55 Gallon,10-15 Years,No,"Emerald Entree, Marine Cuisine,  Beta Brine",Moderate,2-3,Pomacanthus navarchus,Indo-Pacific,76-84°F,1.019-1.025 SG,8.1-8.4,8-12 dKH,Moderate,Deep blue body with yellow saddle and light blue stripes,Semi-Aggressive Community,Angel Majestic (Large),Angel Majestic (Large),https://bubba751.github.io/Saltwater-HTML-Files/Angel Majestic (Large).html,AL14
Angel Majestic (Medium),Peaceful,Not Reef Safe,10 Inches,55 Gallon,10-15 Years,No,"Emerald Entree, Marine Cuisine,  Beta Brine",Moderate,2-3,Pomacanthus navarchus,Indo-Pacific,76-84°F,1.019-1.025 SG,8.1-8.4,8-12 dKH,Moderate,Deep blue body with yellow saddle and light blue stripes,Semi-Aggressive Community,Angel Majestic (Medium),Angel Majestic (Medium),https://bubba751.github.io/Saltwater-HTML-Files/Angel Majestic (Medium).html,AL13
Angel Passer,Semi-Aggressive,Not Reef Safe,12 Inches,55 Gallon,10-15 Years,No,"Emerald Entree, Marine Cuisine,  Beta Brine",Moderate,2-3,Holacanthus passer,Eastern Pacific,76-84°F,1.019-1.025 SG,8.1-8.4,8-12 dKH,Moderate,Deep blue-black body with yellow tail and pectoral fins,Semi-Aggressive Community,Angel Passer,Angel Passer,https://bubba751.github.io/Saltwater-HTML-Files/Angel Passer.html,AL15
Angel Poma,Semi-Aggressive,Not Reef Safe,12 Inches,55 Gallon,10-15 Years,No,"Emerald Entree, Marine Cuisine,  Beta Brine",Moderate,2-3,Pomacanthus spp.,Indo-Pacific,76-84°F,1.019-1.025 SG,8.1-8.4,8-12 dKH,Moderate,Varies by species,Semi-Aggressive Community,Angel Poma,Angel Poma,https://bubba751.github.io/Saltwater-HTML-Files/Angel Poma.html,AL17
Angel Potters,Peaceful,Reef Caution,5 Inches,29 Gallon,5-10 Years,No,"Emerald Entree, Marine Cuisine,  Beta Brine",Moderate,2-3,Centropyge potteri,Hawaii,76-84°F,1.019-1.025 SG,8.1-8.4,8-12 dKH,Moderate,Orange body with fine blue vertical striping,Peaceful,Angel Potters,Angel Potters,https://bubba751.github.io/Saltwater-HTML-Files/Angel Potters.html,AD11
Angel Queen (Large),Semi-Aggressive,Not Reef Safe,15Inches,55 Gallon,15-20 Years,No,"Emerald Entree, Marine Cuisine,  Beta Brine",Easy,2-3,Holacanthus ciliaris,"Western Atlantic, Caribbean",76-84°F,1.019-1.025 SG,8.1-8.4,8-12 dKH,Moderate,"Blue-green body, yellow fins, crown-like spot on forehead",Semi-Aggressive Community,Angel Queen (Large),Angel Queen (Large),https://bubba751.github.io/Saltwater-HTML-Files/Angel Queen (Large).html,AL19
Angel Queen (Medium),Semi-Aggressive,Not Reef Safe,15Inches,55 Gallon,15-20 Years,No,"Emerald Entree, Marine Cuisine,  Beta Brine",Easy,2-3,Holacanthus ciliaris,"Western Atlantic, Caribbean",76-84°F,1.019-1.025 SG,8.1-8.4,8-12 dKH,Moderate,"Blue-green body, yellow fins, crown-like spot on forehead",Semi-Aggressive Community,Angel Queen (Medium),Angel Queen (Medium),https://bubba751.github.io/Saltwater-HTML-Files/Angel Queen (Medium).html,5228744
Angel Rusty,Peaceful,Reef Caution,5 Inches,29 Gallon,5-10 Years,No,"Emerald Entree, Marine Cuisine,  Beta Brine",Easy,2-3,Centropyge ferrugata,Western Pacific,76-84°F,1.019-1.025 SG,8.1-8.4,8-12 dKH,Moderate,Rusty orange-brown body with dark blue-edged fins,Peaceful,Angel Rusty,Angel Rusty,https://bubba751.github.io/Saltwater-HTML-Files/Angel Rusty.html,AL18
Angel Singapore,Peaceful,Reef Caution,4 Inches,29 Gallon,5-10 Years,No,"Emerald Entree, Marine Cuisine,  Beta Brine",Easy,2-3,"Centropyge sp. (Singapore angelfish, often eibli/vroliki hybrids)",Indo-Pacific,76-84°F,1.019-1.025 SG,8.1-8.4,8-12 dKH,Moderate,"Gray body with orange highlights, blue-edged fins",Peaceful,Angel Singapore,Angel Singapore,https://bubba751.github.io/Saltwater-HTML-Files/Angel Singapore.html,AL20
Angel Six Bar,Semi-Aggressive,Not Reef Safe,10 Inches,55 Gallon,10-15 Years,No,"Emerald Entree, Marine Cuisine,  Beta Brine",Moderate,2-3,Pomacanthus sexstriatus,Indo-Pacific,76-84°F,1.019-1.025 SG,8.1-8.4,8-12 dKH,Moderate,Dark body with light blue vertical bars,Semi-Aggressive Community,Angel Six Bar,Angel Six Bar,https://bubba751.github.io/Saltwater-HTML-Files/Angel Six Bar.html,AL21
Angel Yellow,Peaceful,Reef Caution,6 Inches,55 Gallon,8-12 Years,No,"Emerald Entree, Marine Cuisine,  Beta Brine",Easy,2-3,Centropyge heraldi or Apolemichthys xanthurus,Western Pacific,76-84°F,1.019-1.025 SG,8.1-8.4,8-12 dKH,Moderate,Solid bright yellow body,Peaceful,Angel Yellow,Angel Yellow,https://bubba751.github.io/Saltwater-HTML-Files/Angel Yellow.html,AD12
Anthias,Peaceful,Reef Safe,3-5 Inches,29 Gallon,3-5 Years,No,"Beta Brine, ROE, Emerald Entree, Marine Cuisine",Moderate-Difficult,2-3,Pseudanthias spp.,Indo-Pacific,76-84°F,1.019-1.025 SG,8.1-8.4,8-12 dKH,High,Orange-pink with purple highlights (varies by species),"Peaceful/Semi-Aggressive Community, best in groups",Anthias,Anthias,https://bubba751.github.io/Saltwater-HTML-Files/Anthias.html,MS01
Basslet Harlequin,Semi-Aggressive,Reef Safe,4 Inches,29 Gallon,5-8 Years,No,"Beta Brine, ROE, Emerald Entree, Marine Cuisine",Easy,2-3,Serranus tigrinus,"Western Atlantic, Caribbean",76-84°F,1.019-1.025 SG,8.1-8.4,8-12 dKH,Moderate,White body with bold black and yellow bars/spots,Semi-Aggressive Community,Basslet Harlequin,Basslet Harlequin,https://bubba751.github.io/Saltwater-HTML-Files/Basslet Harlequin.html,BS02
Basslet Royal Gramma (Large),Peaceful,Reef Safe,3 Inches,29 Gallon,5-8 Years,No,"Beta Brine, ROE, Emerald Entree, Marine Cuisine",Easy,2-3,Gramma loreto,Caribbean,76-84°F,1.019-1.025 SG,8.1-8.4,8-12 dKH,Moderate,"Purple front half, bright yellow rear half",Peaceful Community,Basslet Royal Gramma (Large),Basslet Royal Gramma (Large),https://bubba751.github.io/Saltwater-HTML-Files/Basslet Royal Gramma (Large).html,BS01
Basslet Royal Gramma (Medium),Peaceful,Reef Safe,3 Inches,29 Gallon,5-8 Years,No,"Beta Brine, ROE, Emerald Entree, Marine Cuisine",Easy,2-3,Gramma loreto,Caribbean,76-84°F,1.019-1.025 SG,8.1-8.4,8-12 dKH,Moderate,"Purple front half, bright yellow rear half",Peaceful Community,Basslet Royal Gramma (Medium),Basslet Royal Gramma (Medium),https://bubba751.github.io/Saltwater-HTML-Files/Basslet Royal Gramma (Medium).html,7321737
Basslet Royal Gramma (Small),Peaceful,Reef Safe,3 Inches,29 Gallon,5-8 Years,No,"Beta Brine, ROE, Emerald Entree, Marine Cuisine",Easy,2-3,Gramma loreto,Caribbean,76-84°F,1.019-1.025 SG,8.1-8.4,8-12 dKH,Moderate,"Purple front half, bright yellow rear half",Peaceful Community,Basslet Royal Gramma (Small),Basslet Royal Gramma (Small),https://bubba751.github.io/Saltwater-HTML-Files/Basslet Royal Gramma (Small).html,E970620
Blenny Algae,Peaceful,Reef Safe,5 Inches,20 Gallon,3-5 Years,No,"Beta Brine, ROE, Emerald Entree, Marine Cuisine",Easy,2-3,Salarias fasciatus (Lawnmower-type algae blenny),Indo-Pacific,76-84°F,1.019-1.025 SG,8.1-8.4,8-12 dKH,Low-Moderate,Mottled brown/tan/olive with speckling,Peaceful Community,Blenny Algae,Blenny Algae,https://bubba751.github.io/Saltwater-HTML-Files/Blenny Algae.html,BL01
Blenny Bicolor,Peaceful,Reef Safe,4 Inches,20 Gallon,3-5 Years,No,"Beta Brine, ROE, Emerald Entree, Marine Cuisine",Easy,2-3,Ecsenius bicolor,Indo-Pacific,76-84°F,1.019-1.025 SG,8.1-8.4,8-12 dKH,Low-Moderate,"Front half orange-brown, rear half dark brown/black",Peaceful,Blenny Bicolor,Blenny Bicolor,https://bubba751.github.io/Saltwater-HTML-Files/Blenny Bicolor.html,BL02
Blenny Canary,Peaceful,Reef Safe,4 Inches,20 Gallon,3-5 Years,No,"Beta Brine, ROE, Emerald Entree, Marine Cuisine",Easy,2-3,Meiacanthus oualanensis,Western Pacific,76-84°F,1.019-1.025 SG,8.1-8.4,8-12 dKH,Low-Moderate,Bright yellow body,Peaceful Community,Blenny Canary,Blenny Canary,https://bubba751.github.io/Saltwater-HTML-Files/Blenny Canary.html,BL03
Blenny Lawnmower,Peaceful,Reef Safe,5 Inches,20 Gallon,3-5 Years,No,"Beta Brine, ROE, Emerald Entree, Marine Cuisine",Easy,2-3,Salarias fasciatus,Indo-Pacific,76-84°F,1.019-1.025 SG,8.1-8.4,8-12 dKH,Low-Moderate,Mottled brown/tan with dark speckling,Peaceful Community,Blenny Lawnmower,Blenny Lawnmower,https://bubba751.github.io/Saltwater-HTML-Files/Blenny Lawnmower.html,BL04
Blenny Midas,Peaceful,Reef Safe,5 Inches,20 Gallon,3-5 Years,No,"Beta Brine, ROE, Emerald Entree, Marine Cuisine",Easy,2-3,Ecsenius midas,"Red Sea, Indian Ocean",76-84°F,1.019-1.025 SG,8.1-8.4,8-12 dKH,Low-Moderate,"Bright yellow to orange, mimics fang blennies/anthias",Peaceful Community,Blenny Midas,Blenny Midas,https://bubba751.github.io/Saltwater-HTML-Files/Blenny Midas.html,BL05
Blenny Pearly,Peaceful,Reef Safe,3 Inches,20 Gallon,3-5 Years,No,"Beta Brine, ROE, Emerald Entree, Marine Cuisine",Easy,2-3,Ecsenius pictus / stigmatura (Pearly/Yellow-tail),Indo-Pacific,76-84°F,1.019-1.025 SG,8.1-8.4,8-12 dKH,Low-Moderate,Cream/tan body with pearl-like spotting,Peaceful Community,Blenny Pearly,Blenny Pearly,https://bubba751.github.io/Saltwater-HTML-Files/Blenny Pearly.html,BL06
Blenny Red Scooter,Peaceful,Reef Safe,3 Inches,20 Gallon,3-5 Years,Yes,"Beta Brine, ROE, Emerald Entree, Marine Cuisine",Moderate,2-3,Synchiropus stellatus,Indo-Pacific,76-84°F,1.019-1.025 SG,8.1-8.4,8-12 dKH,Low,"Reddish-orange with blue spotting (dragonet, not a true blenny)",Peaceful Community,Blenny Red Scooter,Blenny Red Scooter,https://bubba751.github.io/Saltwater-HTML-Files/Blenny Red Scooter.html,BL08
Blenny Ruby Red Dragonet,Peaceful,Reef Safe,3 Inches,20 Gallon,3-5 Years,Yes,"Beta Brine, ROE, Emerald Entree, Marine Cuisine",Moderate,2-3,Synchiropus sycorax,Red Sea,76-84°F,1.019-1.025 SG,8.1-8.4,8-12 dKH,Low,Deep red body with blue spotting,Peaceful Community,Blenny Ruby Red Dragonet,Blenny Ruby Red Dragonet,https://bubba751.github.io/Saltwater-HTML-Files/Blenny Ruby Red Dragonet.html,BL07
Blenny Starry,Peaceful,Reef Safe,4 Inches,20 Gallon,3-5 Years,No,"Beta Brine, ROE, Emerald Entree, Marine Cuisine",Easy,2-3,Salarias ramosus / Entomacrodus striatus (Starry blenny),Indo-Pacific,76-84°F,1.019-1.025 SG,8.1-8.4,8-12 dKH,Low-Moderate,Dark body covered in small white/star-like spots,Peaceful Community,Blenny Starry,Blenny Starry,https://bubba751.github.io/Saltwater-HTML-Files/Blenny Starry.html,BL09
Blenny Tailspot,Peaceful,Reef Safe,4 Inches,20 Gallon,3-5 Years,No,"Beta Brine, ROE, Emerald Entree, Marine Cuisine",Easy,2-3,Ecsenius stigmatura,Western Pacific,76-84°F,1.019-1.025 SG,8.1-8.4,8-12 dKH,Low-Moderate,Tan/brown body with a distinct dark spot at base of tail,Peaceful Community,Blenny Tailspot,Blenny Tailspot,https://bubba751.github.io/Saltwater-HTML-Files/Blenny Tailspot.html,BL10
Butterfly Copperband,Peaceful,Reef Caution,6 Inches,55 Gallon,5-8 Years,No,"Beta Brine, Artci Pods, ROE, Marine Cuisine",Moderate,2-3,Chelmon rostratus,Indo-Pacific,76-84°F,1.019-1.025 SG,8.1-8.4,8-12 dKH,Moderate,"White/yellow body with orange vertical bars, long snout",Peaceful Community,Butterfly Copperband,Butterfly Copperband,https://bubba751.github.io/Saltwater-HTML-Files/Butterfly Copperband.html,BU01
Butterfly Heniochus (Black & White),Peaceful,Not Reef Safe,8 Inches,55 Gallon,5-8 Years,No,"Beta Brine, Artci Pods, ROE, Marine Cuisine",Easy,2-3,Heniochus diphreutes / acuminatus,Indo-Pacific,76-84°F,1.019-1.025 SG,8.1-8.4,8-12 dKH,Moderate,"White body with black vertical bands, long dorsal filament",Peaceful Community,Butterfly Heniochus (Black & White),Butterfly Heniochus (Black & White),https://bubba751.github.io/Saltwater-HTML-Files/Butterfly Heniochus (Black & White).html,BU02
Butterfly Klein,Peaceful,Not Reef Safe,6 Inches,55 Gallon,5-8 Years,No,"Beta Brine, Artci Pods, ROE, Marine Cuisine",Moderate,2-3,Chaetodon kleinii,Indo-Pacific,76-84°F,1.019-1.025 SG,8.1-8.4,8-12 dKH,Moderate,Tan/brown body with a dark bar through the eye,Peaceful Community,Butterfly Klein,Butterfly Klein,https://bubba751.github.io/Saltwater-HTML-Files/Butterfly Klein.html,BU03
Butterfly Lemon,Peaceful,Not Reef Safe,6 Inches,55 Gallon,5-8 Years,No,"Beta Brine, Artci Pods, ROE, Marine Cuisine",Moderate,2-3,Chaetodon miliaris (Lemon/Milletseed) or C. selene,Central Pacific,76-84°F,1.019-1.025 SG,8.1-8.4,8-12 dKH,Moderate,Bright yellow body,Peaceful Community,Butterfly Lemon,Butterfly Lemon,https://bubba751.github.io/Saltwater-HTML-Files/Butterfly Lemon.html,BU04
Butterfly Longnose,Peaceful,Not Reef Safe,7 Inches,55 Gallon,5-8 Years,No,"Beta Brine, Artci Pods, ROE, Marine Cuisine",Moderate,2-3,Forcipiger flavissimus,Indo-Pacific,76-84°F,1.019-1.025 SG,8.1-8.4,8-12 dKH,Moderate,"Bright yellow body, black mask, long thin snout",Peaceful Community,Butterfly Longnose,Butterfly Longnose,https://bubba751.github.io/Saltwater-HTML-Files/Butterfly Longnose.html,BU05
Butterfly Pakistani,Peaceful,Not Reef Safe,7 Inches,55 Gallon,5-8 Years,No,"Beta Brine, Artci Pods, ROE, Marine Cuisine",Easy,2-3,Chaetodon collare,Indian Ocean,76-84°F,1.019-1.025 SG,8.1-8.4,8-12 dKH,Moderate,"Brown body, orange face patch, black tail band",Peaceful Community,Butterfly Pakistani,Butterfly Pakistani,https://bubba751.github.io/Saltwater-HTML-Files/Butterfly Pakistani.html,BU06
Butterfly Pearlscale,Peaceful,Not Reef Safe,6 Inches,55 Gallon,5-8 Years,No,"Beta Brine, Artci Pods, ROE, Marine Cuisine",Easy,2-3,Chaetodon xanthurus,Western Pacific,76-84°F,1.019-1.025 SG,8.1-8.4,8-12 dKH,Moderate,"White body with dark net-like scale pattern, orange tail",Peaceful Community,Butterfly Pearlscale,Butterfly Pearlscale,https://bubba751.github.io/Saltwater-HTML-Files/Butterfly Pearlscale.html,BU07
Butterfly Raccoon,Peaceful,Not Reef Safe,8 Inches,55 Gallon,5-8 Years,No,"Beta Brine, Artci Pods, ROE, Marine Cuisine",Easy,2-3,Chaetodon lunula,Indo-Pacific,76-84°F,1.019-1.025 SG,8.1-8.4,8-12 dKH,Moderate,"Yellow-orange body, black raccoon-like eye mask",Peaceful Community,Butterfly Raccoon,Butterfly Raccoon,https://bubba751.github.io/Saltwater-HTML-Files/Butterfly Raccoon.html,BU08
Butterfly Raflessi,Peaceful,Not Reef Safe,6 Inches,55 Gallon,5-8 Years,No,"Beta Brine, Artci Pods, ROE, Marine Cuisine",Moderate,2-3,Chaetodon rafflesii,Indo-Pacific,76-84°F,1.019-1.025 SG,8.1-8.4,8-12 dKH,Moderate,"Yellow body with diagonal scale striping, dark saddle near tail",Peaceful Community,Butterfly Raflessi,Butterfly Raflessi,https://bubba751.github.io/Saltwater-HTML-Files/Butterfly Raflessi.html,BU09
Butterfly Saddleback,Peaceful,Not Reef Safe,8 Inches,55 Gallon,5-8 Years,No,"Beta Brine, Artci Pods, ROE, Marine Cuisine",Moderate,2-3,Chaetodon ephippium,Indo-Pacific,76-84°F,1.019-1.025 SG,8.1-8.4,8-12 dKH,Moderate,Gray-white body with large black saddle patch near tail,Peaceful Community,Butterfly Saddleback,Butterfly Saddleback,https://bubba751.github.io/Saltwater-HTML-Files/Butterfly Saddleback.html,BU10
Butterfly Yellow Longnose,Peaceful,Not Reef Safe,7 Inches,55 Gallon,5-8 Years,No,"Beta Brine, Artci Pods, ROE, Marine Cuisine",Moderate,2-3,Forcipiger flavissimus,Indo-Pacific,76-84°F,1.019-1.025 SG,8.1-8.4,8-12 dKH,Moderate,"Bright yellow body, long snout, black mask",Peaceful Community,Butterfly Yellow Longnose,Butterfly Yellow Longnose,https://bubba751.github.io/Saltwater-HTML-Files/Butterfly Yellow Longnose.html,BU11
Butterfly Yellow Pyramid,Peaceful,Not Reef Safe,7 Inches,55 Gallon,5-8 Years,No,"Beta Brine, Artci Pods, ROE, Marine Cuisine",Moderate,2-3,Hemitaurichthys polylepis,Indo-Pacific,76-84°F,1.019-1.025 SG,8.1-8.4,8-12 dKH,Moderate-High,Yellow body with white pyramid-shaped patch,"Peaceful Community, does well in small groups",Butterfly Yellow Pyramid,Butterfly Yellow Pyramid,https://bubba751.github.io/Saltwater-HTML-Files/Butterfly Yellow Pyramid.html,BU12
Butterfly Zoster,Peaceful,Not Reef Safe,6 Inches,55 Gallon,5-8 Years,No,"Beta Brine, Artci Pods, ROE, Marine Cuisine",Moderate,2-3,Chaetodon zoster (Black-backed Butterflyfish),Indian Ocean,76-84°F,1.019-1.025 SG,8.1-8.4,8-12 dKH,Moderate,White body with black upper back patch,Peaceful Community,Butterfly Zoster,Butterfly Zoster,https://bubba751.github.io/Saltwater-HTML-Files/Butterfly Zoster.html,BU13
Cardinal Banghai,Peaceful,Reef Safe,3 Inches,20 Gallon,3-5 Years,No,"Beta Brine, Artci Pods, ROE, Marine Cuisine",Easy,2-3,Pterapogon kauderni,"Banggai Islands, Indonesia",76-84°F,1.019-1.025 SG,8.1-8.4,8-12 dKH,Low-Moderate,"Silver body with black stripes and white spots, long fin filaments","Peaceful Community, does well in groups",Cardinal Banghai,Cardinal Banghai,https://bubba751.github.io/Saltwater-HTML-Files/Cardinal Banghai.html,CD01
Cardinal Pajama,Peaceful,Reef Safe,3 Inches,20 Gallon,3-5 Years,No,"Beta Brine, Artci Pods, ROE, Marine Cuisine",Easy,2-3,Sphaeramia nematoptera,Western Pacific,76-84°F,1.019-1.025 SG,8.1-8.4,8-12 dKH,Low-Moderate,"Yellow head, silver body with dark spots, red eye ring","Peaceful Community, does well in groups",Cardinal Pajama,Cardinal Pajama,https://bubba751.github.io/Saltwater-HTML-Files/Cardinal Pajama.html,CD02
Chromis,Peaceful,Reef Safe,3-4 Inches,20 Gallon,5-8 Years,No,"Beta Brine, Artci Pods, ROE, Marine Cuisine",Easy,2-3,Chromis viridis (Blue-Green Chromis) and related spp.,Indo-Pacific,76-84°F,1.019-1.025 SG,8.1-8.4,8-12 dKH,Moderate,Iridescent blue-green,"Peaceful Community, does well in shoals of 4+",Chromis,Chromis,https://bubba751.github.io/Saltwater-HTML-Files/Chromis.html,MS02
Clown Black & White,Semi-Aggressive,Reef Safe,3-4 Inches,20 Gallon,10-20 Years,No,"Beta Brine, Artci Pods, ROE, Marine Cuisine",Easy,2-3,Amphiprion ocellaris (black variant),Captive-Bred (Indo-Pacific origin species),76-84°F,1.019-1.025 SG,8.1-8.4,8-12 dKH,Low-Moderate,Black body with white bars,Peaceful Community; pairs can be territorial around their host anemone/coral,Clown Black & White,Clown Black & White,https://bubba751.github.io/Saltwater-HTML-Files/Clown Black & White.html,CL01
Clown Black Ice,Semi-Aggressive,Reef Safe,3-4 Inches,20 Gallon,10-20 Years,No,"Beta Brine, Artci Pods, ROE, Marine Cuisine",Easy,2-3,Amphiprion ocellaris (Black Ice Snowflake),Captive-Bred (Indo-Pacific origin species),76-84°F,1.019-1.025 SG,8.1-8.4,8-12 dKH,Low-Moderate,"Black body, white snowflake patterning with icy blue tint",Peaceful Community; pairs can be territorial around their host anemone/coral,Clown Black Ice,Clown Black Ice,https://bubba751.github.io/Saltwater-HTML-Files/Clown Black Ice.html,CL02
Clown Black Storm,Semi-Aggressive,Reef Safe,3-4 Inches,20 Gallon,20 Years,No,"Beta Brine, Artci Pods, ROE",Easy,2-3,Amphiprion ocellaris,Captive-Bred (Indo-Pacific origin species),76-84°F,1.019-1.025 SG,8.1-8.4,8-12 dKH,Low-Moderate,"Mostly white body with minimal orange, frosty patterning",Peaceful Community; pairs can be territorial around their host anemone/coral,Clown Black Storm,Clown Black Storm,https://bubba751.github.io/Saltwater-HTML-Files/Clown Black Storm.html,CL18
Clown DaVinci,Semi-Aggressive,Reef Safe,3-4 Inches,20 Gallon,10-20 Years,No,"Beta Brine, Artci Pods, ROE, Marine Cuisine",Easy,2-3,Amphiprion percula/ocellaris (DaVinci morph),Captive-Bred (Indo-Pacific origin species),76-84°F,1.019-1.025 SG,8.1-8.4,8-12 dKH,Low-Moderate,"White body with black and orange patchwork, minimal orange",Peaceful Community; pairs can be territorial around their host anemone/coral,Clown DaVinci,Clown DaVinci,https://bubba751.github.io/Saltwater-HTML-Files/Clown DaVinci.html,CL03
Clown Domino,Semi-Aggressive,Reef Safe,3-4 Inches,20 Gallon,20 Years,No,"Beta Brine, Artci Pods, ROE",Easy,2-3,"Dascyllus trimaculatus (Domino Damsel, not a true clownfish)",Captive-Bred (Indo-Pacific origin species),76-84°F,1.019-1.025 SG,8.1-8.4,8-12 dKH,Low-Moderate,Black body with 3 white spots,Peaceful Community; pairs can be territorial around their host anemone/coral,Clown Domino,Clown Domino,https://bubba751.github.io/Saltwater-HTML-Files/Clown Domino.html,CL04
Clown False Percula (Ocellaris),Semi-Aggressive,Reef Safe,3-4 Inches,20 Gallon,20 Years,No,"Beta Brine, Artci Pods, ROE",Easy,2-3,Amphiprion ocellaris,Captive-Bred (Indo-Pacific origin species),76-84°F,1.019-1.025 SG,8.1-8.4,8-12 dKH,Low-Moderate,"Bright orange with 3 white bars, black outlining",Peaceful Community; pairs can be territorial around their host anemone/coral,Clown False Percula (Ocellaris),Clown False Percula (Ocellaris),https://bubba751.github.io/Saltwater-HTML-Files/Clown False Percula (Ocellaris).html,CL05
Clown Fancy White Extreme,Semi-Aggressive,Reef Safe,3-4 Inches,20 Gallon,20 Years,No,"Beta Brine, Artci Pods, ROE",Easy,2-3,Amphiprion ocellaris,Captive-Bred (Indo-Pacific origin species),76-84°F,1.019-1.025 SG,8.1-8.4,8-12 dKH,Low-Moderate,"Mostly white body with minimal orange, frosty patterning",Peaceful Community; pairs can be territorial around their host anemone/coral,Clown Fancy White Extreme,Clown Fancy White Extreme,https://bubba751.github.io/Saltwater-HTML-Files/Clown Fancy White Extreme.html,852496K
Clown Frosbite,Semi-Aggressive,Reef Safe,3-4 Inches,20 Gallon,20 Years,No,"Beta Brine, Artci Pods, ROE",Easy,2-3,Amphiprion ocellaris (Frostbite morph),Captive-Bred (Indo-Pacific origin species),76-84°F,1.019-1.025 SG,8.1-8.4,8-12 dKH,Low-Moderate,"Mostly white body with minimal orange, frosty patterning",Peaceful Community; pairs can be territorial around their host anemone/coral,Clown Frosbite,Clown Frosbite,https://bubba751.github.io/Saltwater-HTML-Files/Clown Frosbite.html,CL06
Clown Frozen,Semi-Aggressive,Reef Safe,3-4 Inches,20 Gallon,20 Years,No,"Beta Brine, Artci Pods, ROE",Easy,2-3,Amphiprion ocellaris,Captive-Bred (Indo-Pacific origin species),76-84°F,1.019-1.025 SG,8.1-8.4,8-12 dKH,Low-Moderate,"Mostly white body with minimal orange, frosty patterning",Peaceful Community; pairs can be territorial around their host anemone/coral,Clown Frozen,Clown Frozen,https://bubba751.github.io/Saltwater-HTML-Files/Clown Frozen.html,Y245076
Clown Lightning Mochavinci Pair,Semi-Aggressive,Reef Safe,3-4 Inches,20 Gallon,20 Years,No,"Beta Brine, Artci Pods, ROE",Easy,2-3,Amphiprion ocellaris,Captive-Bred (Indo-Pacific origin species),76-84°F,1.019-1.025 SG,8.1-8.4,8-12 dKH,Low-Moderate,"Mostly white body with minimal orange, frosty patterning",Peaceful Community; pairs can be territorial around their host anemone/coral,Clown Lightning Mochavinci Pair,Clown Lightning Mochavinci Pair,https://bubba751.github.io/Saltwater-HTML-Files/Clown Lightning Mochavinci Pair.html,B728329
Clown Long Fin,Semi-Aggressive,Reef Safe,3-4 Inches,20 Gallon,20 Years,No,"Beta Brine, Artci Pods, ROE",Easy,2-3,Amphiprion ocellaris (longfin morph),Captive-Bred (Indo-Pacific origin species),76-84°F,1.019-1.025 SG,8.1-8.4,8-12 dKH,Low-Moderate,"Orange with white bars, elongated fins",Peaceful Community; pairs can be territorial around their host anemone/coral,Clown Long Fin,Clown Long Fin,https://bubba751.github.io/Saltwater-HTML-Files/Clown Long Fin.html,CL07
Clown Maroon,Semi-Aggressive,Reef Safe,3-4 Inches,20 Gallon,20 Years,No,"Beta Brine, Artci Pods, ROE",Easy,2-3,Premnas biaculeatus,Captive-Bred (Indo-Pacific origin species),76-84°F,1.019-1.025 SG,8.1-8.4,8-12 dKH,Low-Moderate,"Deep maroon/red body with white bars, cheek spine",Peaceful Community; pairs can be territorial around their host anemone/coral,Clown Maroon,Clown Maroon,https://bubba751.github.io/Saltwater-HTML-Files/Clown Maroon.html,CL08
Clown Maroon Gold Lightning,Semi-Aggressive,Reef Safe,3-4 Inches,20 Gallon,20 Years,No,"Beta Brine, Artci Pods, ROE",Easy,2-3,Premnas biaculeatus (Gold/Lightning Maroon morph),Captive-Bred (Indo-Pacific origin species),76-84°F,1.019-1.025 SG,8.1-8.4,8-12 dKH,Low-Moderate,Maroon body with metallic gold lightning-bolt striping,Peaceful Community; pairs can be territorial around their host anemone/coral,Clown Maroon Gold Lightning,Clown Maroon Gold Lightning,https://bubba751.github.io/Saltwater-HTML-Files/Clown Maroon Gold Lightning.html,CL09
Clown Maroon Lightning,Semi-Aggressive,Reef Safe,3-4 Inches,20 Gallon,20 Years,No,"Beta Brine, Artci Pods, ROE",Easy,2-3,Premnas biaculeatus (Lightning Maroon morph),Captive-Bred (Indo-Pacific origin species),76-84°F,1.019-1.025 SG,8.1-8.4,8-12 dKH,Low-Moderate,Dark maroon body with white lightning-bolt patterning,Peaceful Community; pairs can be territorial around their host anemone/coral,Clown Maroon Lightning,Clown Maroon Lightning,https://bubba751.github.io/Saltwater-HTML-Files/Clown Maroon Lightning.html,CL10
Clown Mated Pairs,Semi-Aggressive,Reef Safe,3-4 Inches,20 Gallon,10-20 Years,No,"Beta Brine, Artci Pods, ROE",Easy,2-3,Amphiprion spp. (bonded pair),Captive-Bred (Indo-Pacific origin species),76-84°F,1.019-1.025 SG,8.1-8.4,8-12 dKH,Low-Moderate,Varies by species/morph,Peaceful Community; pairs can be territorial around their host anemone/coral,Clown Mated Pairs,Clown Mated Pairs,https://bubba751.github.io/Saltwater-HTML-Files/Clown Mated Pairs.html,CL25
Clown Mocha,Semi-Aggressive,Reef Safe,3-4 Inches,20 Gallon,10-20 Years,No,"Beta Brine, Artci Pods, ROE",Easy,2-3,Amphiprion ocellaris (Mocha morph),Captive-Bred (Indo-Pacific origin species),76-84°F,1.019-1.025 SG,8.1-8.4,8-12 dKH,Low-Moderate,Dark brown/mocha body with reduced white barring,Peaceful Community; pairs can be territorial around their host anemone/coral,Clown Mocha,Clown Mocha,https://bubba751.github.io/Saltwater-HTML-Files/Clown Mocha.html,CL11
Clown Mochaccino,Semi-Aggressive,Reef Safe,3-4 Inches,20 Gallon,10-20 Years,No,"Beta Brine, Artci Pods, ROE",Easy,2-3,Amphiprion ocellaris (Mochaccino morph),Captive-Bred (Indo-Pacific origin species),76-84°F,1.019-1.025 SG,8.1-8.4,8-12 dKH,Low-Moderate,Brown-orange blended body with faded white bars,Peaceful Community; pairs can be territorial around their host anemone/coral,Clown Mochaccino,Clown Mochaccino,https://bubba751.github.io/Saltwater-HTML-Files/Clown Mochaccino.html,CL12
Clown Naked Ocellaris,Semi-Aggressive,Reef Safe,3-4 Inches,20 Gallon,10-20 Years,No,"Beta Brine, Artci Pods, ROE",Easy,2-3,Amphiprion ocellaris (Naked/no-stripe morph),Captive-Bred (Indo-Pacific origin species),76-84°F,1.019-1.025 SG,8.1-8.4,8-12 dKH,Low-Moderate,Solid orange body with no white bars,Peaceful Community; pairs can be territorial around their host anemone/coral,Clown Naked Ocellaris,Clown Naked Ocellaris,https://bubba751.github.io/Saltwater-HTML-Files/Clown Naked Ocellaris.html,CL13
Clown Percula,Semi-Aggressive,Reef Safe,3-4 Inches,20 Gallon,20 Years,No,"Beta Brine, Artci Pods, ROE",Easy,2-3,Amphiprion ocellaris,Captive-Bred (Indo-Pacific origin species),76-84°F,1.019-1.025 SG,8.1-8.4,8-12 dKH,Low-Moderate,"Mostly white body with minimal orange, frosty patterning",Peaceful Community; pairs can be territorial around their host anemone/coral,Clown Percula,Clown Percula,https://bubba751.github.io/Saltwater-HTML-Files/Clown Percula.html,1177844
Clown Phantom,Semi-Aggressive,Reef Safe,3-4 Inches,20 Gallon,10-20 Years,No,"Beta Brine, Artci Pods, ROE",Easy,2-3,Amphiprion ocellaris (Phantom morph),Captive-Bred (Indo-Pacific origin species),76-84°F,1.019-1.025 SG,8.1-8.4,8-12 dKH,Low-Moderate,Pale ghost-like body with faint barring,Peaceful Community; pairs can be territorial around their host anemone/coral,Clown Phantom,Clown Phantom,https://bubba751.github.io/Saltwater-HTML-Files/Clown Phantom.html,CL14
Clown Picasso,Semi-Aggressive,Reef Safe,3-4 Inches,20 Gallon,10-20 Years,No,"Beta Brine, Artci Pods, ROE",Easy,2-3,Amphiprion percula/ocellaris (Picasso morph),Captive-Bred (Indo-Pacific origin species),76-84°F,1.019-1.025 SG,8.1-8.4,8-12 dKH,Low-Moderate,Orange with irregular abstract white patterning,Peaceful Community; pairs can be territorial around their host anemone/coral,Clown Picasso,Clown Picasso,https://bubba751.github.io/Saltwater-HTML-Files/Clown Picasso.html,CL15
Clown Platinum,Semi-Aggressive,Reef Safe,3-4 Inches,20 Gallon,10-20 Years,No,"Beta Brine, Artci Pods, ROE",Easy,2-3,Amphiprion ocellaris (Platinum morph),Captive-Bred (Indo-Pacific origin species),76-84°F,1.019-1.025 SG,8.1-8.4,8-12 dKH,Low-Moderate,Nearly all-white body with minimal black outlining,Peaceful Community; pairs can be territorial around their host anemone/coral,Clown Platinum,Clown Platinum,https://bubba751.github.io/Saltwater-HTML-Files/Clown Platinum.html,CL16
Clown Snowflake,Semi-Aggressive,Reef Safe,3-4 Inches,20 Gallon,10-20 Years,No,"Beta Brine, Artci Pods, ROE",Easy,2-3,Amphiprion ocellaris (Snowflake morph),Captive-Bred (Indo-Pacific origin species),76-84°F,1.019-1.025 SG,8.1-8.4,8-12 dKH,Low-Moderate,White body with scattered snowflake-like patterning over orange base,Peaceful Community; pairs can be territorial around their host anemone/coral,Clown Snowflake,Clown Snowflake,https://bubba751.github.io/Saltwater-HTML-Files/Clown Snowflake.html,CL17
Clown Storm - Black,Semi-Aggressive,Reef Safe,3-4 Inches,20 Gallon,10-20 Years,No,"Beta Brine, Artci Pods, ROE",Easy,2-3,"Amphiprion ocellaris (Storm morph, black)",Captive-Bred (Indo-Pacific origin species),76-84°F,1.019-1.025 SG,8.1-8.4,8-12 dKH,Low-Moderate,Black base with storm-cloud white patterning,Peaceful Community; pairs can be territorial around their host anemone/coral,Clown Storm - Black,Clown Storm - Black,https://bubba751.github.io/Saltwater-HTML-Files/Clown Storm - Black.html,CL18
Clown Storm - Mocha,Semi-Aggressive,Reef Safe,3-4 Inches,20 Gallon,10-20 Years,No,"Beta Brine, Artci Pods, ROE",Easy,2-3,"Amphiprion ocellaris (Storm morph, mocha)",Captive-Bred (Indo-Pacific origin species),76-84°F,1.019-1.025 SG,8.1-8.4,8-12 dKH,Low-Moderate,Brown base with storm-cloud white patterning,Peaceful Community; pairs can be territorial around their host anemone/coral,Clown Storm - Mocha,Clown Storm - Mocha,https://bubba751.github.io/Saltwater-HTML-Files/Clown Storm - Mocha.html,CL19
Clown Storm - Orange,Semi-Aggressive,Reef Safe,3-4 Inches,20 Gallon,10-20 Years,No,"Beta Brine, Artci Pods, ROE",Easy,2-3,"Amphiprion ocellaris (Storm morph, orange)",Captive-Bred (Indo-Pacific origin species),76-84°F,1.019-1.025 SG,8.1-8.4,8-12 dKH,Low-Moderate,Orange base with storm-cloud white patterning,Peaceful Community; pairs can be territorial around their host anemone/coral,Clown Storm - Orange,Clown Storm - Orange,https://bubba751.github.io/Saltwater-HTML-Files/Clown Storm - Orange.html,CL20
Clown Storm - Snow,Semi-Aggressive,Reef Safe,3-4 Inches,20 Gallon,10-20 Years,No,"Beta Brine, Artci Pods, ROE",Easy,2-3,"Amphiprion ocellaris (Storm morph, snow)",Captive-Bred (Indo-Pacific origin species),76-84°F,1.019-1.025 SG,8.1-8.4,8-12 dKH,Low-Moderate,Mostly white base with faint storm patterning,Peaceful Community; pairs can be territorial around their host anemone/coral,Clown Storm - Snow,Clown Storm - Snow,https://bubba751.github.io/Saltwater-HTML-Files/Clown Storm - Snow.html,CL21
Clown Storm - White,Semi-Aggressive,Reef Safe,3-4 Inches,20 Gallon,10-20 Years,No,"Beta Brine, Artci Pods, ROE",Easy,2-3,"Amphiprion ocellaris (Storm morph, white)",Captive-Bred (Indo-Pacific origin species),76-84°F,1.019-1.025 SG,8.1-8.4,8-12 dKH,Low-Moderate,White base with subtle gray storm patterning,Peaceful Community; pairs can be territorial around their host anemone/coral,Clown Storm - White,Clown Storm - White,https://bubba751.github.io/Saltwater-HTML-Files/Clown Storm - White.html,CL22
Clown Tomato,Semi-Aggressive,Reef Safe,3-4 Inches,20 Gallon,10-20 Years,No,"Beta Brine, Artci Pods, ROE",Easy,2-3,Amphiprion frenatus,Captive-Bred (Indo-Pacific origin species),76-84°F,1.019-1.025 SG,8.1-8.4,8-12 dKH,Low-Moderate,Deep red-orange body with single white head bar (adult),Peaceful Community; pairs can be territorial around their host anemone/coral,Clown Tomato,Clown Tomato,https://bubba751.github.io/Saltwater-HTML-Files/Clown Tomato.html,CL23
Clown Wyoming White,Semi-Aggressive,Reef Safe,3-4 Inches,20 Gallon,10-20 Years,No,"Beta Brine, Artci Pods, ROE",Easy,2-3,Amphiprion ocellaris (Wyoming White morph),Captive-Bred (Indo-Pacific origin species),76-84°F,1.019-1.025 SG,8.1-8.4,8-12 dKH,Low-Moderate,"White body with black outlining, minimal to no orange",Peaceful Community; pairs can be territorial around their host anemone/coral,Clown Wyoming White,Clown Wyoming White,https://bubba751.github.io/Saltwater-HTML-Files/Clown Wyoming White.html,CL24
Dottyback Bicolor,Aggressive,Reef Safe,3 Inches,20 Gallon,4-6 Years,No,"Beta Brine, Artci Pods, ROE",Easy,2-3,Pictichromis paccagnellae / Pseudochromis paccagnellae,Western Pacific,76-84°F,1.019-1.025 SG,8.1-8.4,8-12 dKH,Low-Moderate,"Purple/blue front half, bright yellow rear half",Aggressive Community,Dottyback Bicolor,Dottyback Bicolor,https://bubba751.github.io/Saltwater-HTML-Files/Dottyback Bicolor.html,DO01
Dottyback Neon,Peaceful,Reef Safe,2 Inches,20 Gallon,4-6 Years,No,"Beta Brine, Artci Pods, ROE",Easy,2-3,Pseudochromis aldabraensis or similar 'neon' dottyback,Indian Ocean,76-84°F,1.019-1.025 SG,8.1-8.4,8-12 dKH,Low-Moderate,Bright orange with electric blue neon striping,Semi-Aggressive Community,Dottyback Neon,Dottyback Neon,https://bubba751.github.io/Saltwater-HTML-Files/Dottyback Neon.html,DO02
Dottyback Purple Fridmani,Peaceful,Reef Safe,2.5 Inches,20 Gallon,4-6 Years,No,"Beta Brine, Artci Pods, ROE",Easy,2-3,Pictichromis fridmani,Red Sea,76-84°F,1.019-1.025 SG,8.1-8.4,8-12 dKH,Low-Moderate,Solid vivid purple,Peaceful Community,Dottyback Purple Fridmani,Dottyback Purple Fridmani,https://bubba751.github.io/Saltwater-HTML-Files/Dottyback Purple Fridmani.html,DO03
Eel Snowflake,Aggressive,Not Reef Safe,24 Inches,29 Gallon,10-15 Years,No,"Clams, Krill, Squid, Silverside",Easy,2-3 times per week,Echidna nebulosa,Indo-Pacific,76-84°F,1.019-1.025 SG,8.1-8.4,8-12 dKH,Moderate,White body with black and yellow blotching,Predatory Fish-Only Community,Eel Snowflake,Eel Snowflake,https://bubba751.github.io/Saltwater-HTML-Files/Eel Snowflake.html,EL15
Eel Zebra (Extra Large),Peaceful,Reef Caution,30 Inches,55 Gallon,10-15 Years,No,"Clams, Krill, Squid, Silverside",Easy,2-3 times per week,Gymnomuraena zebra,Indo-Pacific,76-84°F,1.019-1.025 SG,8.1-8.4,8-12 dKH,Moderate,Dark brown/black body with narrow white/yellow bands,Predatory Fish-Only Community,Eel Zebra (Extra Large),Eel Zebra (Extra Large),https://bubba751.github.io/Saltwater-HTML-Files/Eel Zebra (Extra Large).html,EL16
Eel Zebra (Large),Peaceful,Reef Caution,30 Inches,55 Gallon,10-15 Years,No,"Clams, Krill, Squid, Silverside",Easy,2-3 times per week,Gymnomuraena zebra,Indo-Pacific,76-84°F,1.019-1.025 SG,8.1-8.4,8-12 dKH,Moderate,Dark brown/black body with narrow white/yellow bands,Predatory Fish-Only Community,Eel Zebra (Large),Eel Zebra (Large),https://bubba751.github.io/Saltwater-HTML-Files/Eel Zebra (Large).html,EL12
Eel Zebra (Medium),Peaceful,Reef Caution,30 Inches,55 Gallon,10-15 Years,No,"Clams, Krill, Squid, Silverside",Easy,2-3 times per week,Gymnomuraena zebra,Indo-Pacific,76-84°F,1.019-1.025 SG,8.1-8.4,8-12 dKH,Moderate,Dark brown/black body with narrow white/yellow bands,Predatory Fish-Only Community,Eel Zebra (Medium),Eel Zebra (Medium),https://bubba751.github.io/Saltwater-HTML-Files/Eel Zebra (Medium).html,1607731
Eel Zebra (Small),Peaceful,Reef Caution,30 Inches,55 Gallon,10-15 Years,No,"Clams, Krill, Squid, Silverside",Easy,2-3 times per week,Gymnomuraena zebra,Indo-Pacific,76-84°F,1.019-1.025 SG,8.1-8.4,8-12 dKH,Moderate,Dark brown/black body with narrow white/yellow bands,Predatory Fish-Only Community,Eel Zebra (Small),Eel Zebra (Small),https://bubba751.github.io/Saltwater-HTML-Files/Eel Zebra (Small).html,EL11
Filefish,Peaceful,Reef Caution,4-8 Inches,20 Gallon,4-8 Years,No,"Mysis, nori, may eat aiptasia/some corals",Moderate,2-3,"Various Monacanthidae (e.g., Oxymonacanthus longirostris, Acreichthys tomentosus)",Indo-Pacific,76-84°F,1.019-1.025 SG,8.1-8.4,8-12 dKH,Low-Moderate,"Varies by species, often green/mottled camouflage",Peaceful Community,Filefish,Filefish,https://bubba751.github.io/Saltwater-HTML-Files/Filefish.html,MS03
Goby Blue Spot Watchman,Peaceful,Reef Safe,4 Inches,20 Gallon,3-5 Years,Yes,"Beta Brine, ROE, Emerald Entree, Marine Cuisine, Arcti Pods",Easy,2-3,Cryptocentrus pavoninoides / Valenciennea sp.,Indo-Pacific,76-84°F,1.019-1.025 SG,8.1-8.4,8-12 dKH,Low-Moderate,Tan/gray body with blue spotting,Peaceful Community,Goby Blue Spot Watchman,Goby Blue Spot Watchman,https://bubba751.github.io/Saltwater-HTML-Files/Goby Blue Spot Watchman.html,GB01
Goby Blue Spotted Jawfish,Peaceful,Reef Safe,3 Inches,20 Gallon,3-5 Years,Yes,"Beta Brine, ROE, Emerald Entree, Marine Cuisine, Arcti Pods",Easy,2-3,Valenciennea sexguttata / similar,Indo-Pacific,76-84°F,1.019-1.025 SG,8.1-8.4,8-12 dKH,Low-Moderate,Pale body with blue spotting,Peaceful Community,Goby Blue Spotted,Goby Blue Spotted,https://bubba751.github.io/Saltwater-HTML-Files/Goby Blue Spotted Jawfish.html,GB02
Goby Diamond,Peaceful,Reef Safe,3 Inches,20 Gallon,3-5 Years,Yes,"Beta Brine, ROE, Emerald Entree, Marine Cuisine, Arcti Pods",Easy,2-3,Valenciennea puellaris,Indo-Pacific,76-84°F,1.019-1.025 SG,8.1-8.4,8-12 dKH,Low-Moderate,White/tan body with diamond-shaped spotting,Peaceful Community,Goby Diamond,Goby Diamond,https://bubba751.github.io/Saltwater-HTML-Files/Goby Diamond.html,GB03
Goby Dragon,Peaceful,Reef Safe,3 Inches,20 Gallon,3-5 Years,Yes,"Beta Brine, ROE, Emerald Entree, Marine Cuisine, Arcti Pods",Easy,2-3,Gobiodon citrinus or Amblygobius/Dragon-type goby,Indo-Pacific,76-84°F,1.019-1.025 SG,8.1-8.4,8-12 dKH,Low-Moderate,"Elongated body, mottled brown/tan camouflage pattern",Peaceful Community,Goby Dragon,Goby Dragon,https://bubba751.github.io/Saltwater-HTML-Files/Goby Dragon.html,GB04
Goby Firefish Purple,Peaceful,Reef Safe,3 Inches,20 Gallon,3-4 Years,No,"Beta Brine, ROE, Emerald Entree, Marine Cuisine, Arcti Pods",Easy,2-3,Nemateleotris decora (Purple Firefish),Indo-Pacific,76-84°F,1.019-1.025 SG,8.1-8.4,8-12 dKH,Low-Moderate,"Purple-blue body with yellow highlights, elongated dorsal spine",Peaceful Community,Goby Firefish Purple,Goby Firefish Purple,https://bubba751.github.io/Saltwater-HTML-Files/Goby Firefish Purple.html,GB05
Goby Firefish Red,Peaceful,Reef Safe,3 Inches,20 Gallon,3-4 Years,No,"Beta Brine, ROE, Emerald Entree, Marine Cuisine, Arcti Pods",Easy,2-3,Nemateleotris magnifica (Fire Goby),Indo-Pacific,76-84°F,1.019-1.025 SG,8.1-8.4,8-12 dKH,Low-Moderate,"White-yellow front, red-orange rear body, elongated dorsal spine","Peaceful Community, does well in pairs",Goby Firefish Red,Goby Firefish Red,https://bubba751.github.io/Saltwater-HTML-Files/Goby Firefish Red.html,GB06
Goby Golden Head Sleeper,Peaceful,Reef Safe,3 Inches,20 Gallon,3-4 Years,No,"Beta Brine, ROE, Emerald Entree, Marine Cuisine, Arcti Pods",Easy,2-3,Valenciennea strigata,Indo-Pacific,76-84°F,1.019-1.025 SG,8.1-8.4,8-12 dKH,Low-Moderate,Off-white to light gray body contrasted by a bright yellow-gold head and an electric blue stripe running just below its eyes.,Peaceful Community,Goby Golden Head Sleeper,Goby Golden Head Sleeper,https://github.com/Bubba751/Saltwater-HTML-Files/blob/main/Goby%20Golden%20Head%20Sleeper.html,896769J
Goby Mandarin Green Dragonet (Large),Peaceful,Reef Safe,3 Inches,20 Gallon,4-6 Years,Yes,"Beta Brine, ROE, Emerald Entree, Marine Cuisine, Arcti Pods",Moderate,2-3,Synchiropus splendidus,Western Pacific,76-84°F,1.019-1.025 SG,8.1-8.4,8-12 dKH,Low-Moderate,Vivid green/blue psychedelic patterning,Peaceful Community,Goby Mandarin Green Dragonet (Large),Goby Mandarin Green Dragonet (Large),https://bubba751.github.io/Saltwater-HTML-Files/Goby Mandarin Green Dragonet (Large).html,GB08
Goby Mandarin Green Dragonet (Medium),Peaceful,Reef Safe,3 Inches,20 Gallon,4-6 Years,Yes,"Beta Brine, ROE, Emerald Entree, Marine Cuisine, Arcti Pods",Moderate,2-3,Synchiropus splendidus,Western Pacific,76-84°F,1.019-1.025 SG,8.1-8.4,8-12 dKH,Low-Moderate,Vivid green/blue psychedelic patterning,Peaceful Community,Goby Mandarin Green Dragonet (Medium),Goby Mandarin Green Dragonet (Medium),https://bubba751.github.io/Saltwater-HTML-Files/Goby Mandarin Green Dragonet (Medium).html,GB07
Goby Mandarin Red,Peaceful,Reef Safe,3 Inches,20 Gallon,4-6 Years,Yes,"Beta Brine, ROE, Emerald Entree, Marine Cuisine, Arcti Pods",Moderate,2-3,Synchiropus picturatus (Psychedelic/Red Mandarin),Western Pacific,76-84°F,1.019-1.025 SG,8.1-8.4,8-12 dKH,Low-Moderate,Orange-red body with blue/green swirling patterns,Peaceful Community,Goby Mandarin Red,Goby Mandarin Red,https://bubba751.github.io/Saltwater-HTML-Files/Goby Mandarin Red.html,GB09
Goby Pearly Jawfish,Peaceful,Reef Safe,4 Inches,20 Gallon,3-5 Years,Yes,"Beta Brine, ROE, Emerald Entree, Marine Cuisine, Arcti Pods",Moderate,2-3,Opistognathus aurifrons,Caribbean,76-84°F,1.019-1.025 SG,8.1-8.4,8-12 dKH,Low,"Pale blue-white body, yellow head tint",Peaceful Community,Goby Pearly Jawfish,Goby Pearly Jawfish,https://bubba751.github.io/Saltwater-HTML-Files/Goby Pearly Jawfish.html,GB10
Goby Pink Spot Watchman,Peaceful,Reef Safe,4 Inches,20 Gallon,3-5 Years,Yes,"Beta Brine, ROE, Emerald Entree, Marine Cuisine, Arcti Pods",Easy,2-3,Cryptocentrus leptocephalus / similar watchman goby,Indo-Pacific,76-84°F,1.019-1.025 SG,8.1-8.4,8-12 dKH,Low-Moderate,Tan/gray body with pink spotting,Peaceful Community,Goby Pink Spot Watchman,Goby Pink Spot Watchman,https://bubba751.github.io/Saltwater-HTML-Files/Goby Pink Spot Watchman.html,GB11
Goby Tiger Wardi,Peaceful,Reef Safe,3 Inches,20 Gallon,3-5 Years,Yes,"Beta Brine, ROE, Emerald Entree, Marine Cuisine, Arcti Pods",Easy,2-3,Amblygobius wardi (Tiger/Ward's Goby),Indo-Pacific,76-84°F,1.019-1.025 SG,8.1-8.4,8-12 dKH,Low-Moderate,Tan body with dark tiger-like vertical striping,Peaceful Community,Goby Tiger Wardi,Goby Tiger Wardi,https://bubba751.github.io/Saltwater-HTML-Files/Goby Tiger Wardi.html,GB12
Goby Yellow Spot Watchman,Peaceful,Reef Safe,4 Inches,20 Gallon,3-5 Years,Yes,"Beta Brine, ROE, Emerald Entree, Marine Cuisine, Arcti Pods",Easy,2-3,Cryptocentrus cinctus (variant) / similar watchman goby,Indo-Pacific,76-84°F,1.019-1.025 SG,8.1-8.4,8-12 dKH,Low-Moderate,Tan/gray body with yellow spotting,Peaceful Community,Goby Yellow Spot Watchman,Goby Yellow Spot Watchman,https://bubba751.github.io/Saltwater-HTML-Files/Goby Yellow Spot Watchman.html,GB14
Goby Yellow Watchman,Peaceful,Reef Safe,4 Inches,20 Gallon,3-5 Years,Yes,"Beta Brine, ROE, Emerald Entree, Marine Cuisine, Arcti Pods",Easy,2-3,Cryptocentrus cinctus,Indo-Pacific,76-84°F,1.019-1.025 SG,8.1-8.4,8-12 dKH,Low-Moderate,Bright yellow body,Peaceful Community,Goby Yellow Watchman,Goby Yellow Watchman,https://bubba751.github.io/Saltwater-HTML-Files/Goby Yellow Watchman.html,GB13
Hawk Flame,Semi-Aggressive,Reef Caution,4 Inches,30 Gallon,5-8 Years,No,"Beta Brine, ROE, Arcti Pods, Marine Cuisine",Easy,2-3,Neocirrhites armatus,Western Pacific,76-84°F,1.019-1.025 SG,8.1-8.4,8-12 dKH,Low-Moderate,Bright red-orange body,Semi-Aggressive Community,Hawk Flame,Hawk Flame,https://bubba751.github.io/Saltwater-HTML-Files/Hawk Flame.html,HA01
Hawk Longnose,Semi-Aggressive,Reef Caution,5 Inches,30 Gallon,5-8 Years,No,"Beta Brine, ROE, Arcti Pods, Marine Cuisine",Easy,2-3,Oxycirrhites typus,Indo-Pacific,76-84°F,1.019-1.025 SG,8.1-8.4,8-12 dKH,Moderate,"Red crosshatch pattern over white body, elongated snout",Semi-Aggressive Community,Hawk Longnose,Hawk Longnose,https://bubba751.github.io/Saltwater-HTML-Files/Hawk Longnose.html,HA02
Hawk Spotted,Semi-Aggressive,Reef Caution,4 Inches,30 Gallon,5-8 Years,No,"Beta Brine, ROE, Arcti Pods, Marine Cuisine",Easy,1-2,Cirrhitichthys oxycephalus,Indo-Pacific,76-84°F,1.019-1.025 SG,8.1-8.4,8-12 dKH,Low-Moderate,White/pink body with red-brown spotting,Semi-Aggressive Community,Hawk Spotted,Hawk Spotted,https://bubba751.github.io/Saltwater-HTML-Files/Hawk Spotted.html,HA03
Lionfish Volitan (Large),Aggressive,Reef Safe (large fish caution),14 Inches,125 Gallon,10-15 Years,No,"Live fish, Krill, Silverside",Moderate,2-3 times per week,Pterois volitans,Indo-Pacific,76-84°F,1.019-1.025 SG,8.1-8.4,8-12 dKH,Low-Moderate,Zebra-striped red-brown/white with long venomous spines,Predatory Fish-Only Community,Lionfish Volitan (Large),Lionfish Volitan (Large),https://bubba751.github.io/Saltwater-HTML-Files/Lionfish Volitan (Large).html,MS06
Lionfish Volitan (Medium),Aggressive,Reef Safe (large fish caution),14 Inches,125 Gallon,10-15 Years,No,"Live fish, Krill, Silverside",Moderate,2-3 times per week,Pterois volitans,Indo-Pacific,76-84°F,1.019-1.025 SG,8.1-8.4,8-12 dKH,Low-Moderate,Zebra-striped red-brown/white with long venomous spines,Predatory Fish-Only Community,Lionfish Volitan (Medium),Lionfish Volitan (Medium),https://bubba751.github.io/Saltwater-HTML-Files/Lionfish Volitan (Medium).html,MS05
Lionfish Volitan (Small),Aggressive,Reef Safe (large fish caution),14 Inches,125 Gallon,10-15 Years,No,"Live fish, Krill, Silverside",Moderate,2-3 times per week,Pterois volitans,Indo-Pacific,76-84°F,1.019-1.025 SG,8.1-8.4,8-12 dKH,Low-Moderate,Zebra-striped red-brown/white with long venomous spines,Predatory Fish-Only Community,Lionfish Volitan (Small),Lionfish Volitan (Small),https://bubba751.github.io/Saltwater-HTML-Files/Lionfish Volitan (Small).html,MS04
Longhorn Cowfish (Large),Peaceful,Reef Caution,18 Inches,180 Gallon,5-8 Years,No,"Beta Brine, ROE, Arcti Pods, Marine Cuisine, Emerald Entree",Easy,2,Lactoria cornuta,Indo-Pacific,76-84°F,1.019-1.025 SG,8.1-8.4,8-12 dKH,Low-Moderate,"Yellow body with blue spotting, horn-like projections above eyes",Peaceful Community (fish-only preferred),Longhorn Cowfish (Large),Longhorn Cowfish (Large),https://bubba751.github.io/Saltwater-HTML-Files/Longhorn Cowfish (Large).html,MS08
Longhorn Cowfish (Medium),Peaceful,Reef Caution,18 Inches,180 Gallon,5-8 Years,No,"Beta Brine, ROE, Arcti Pods, Marine Cuisine, Emerald Entree",Easy,2,Lactoria cornuta,Indo-Pacific,76-84°F,1.019-1.025 SG,8.1-8.4,8-12 dKH,Low-Moderate,"Yellow body with blue spotting, horn-like projections above eyes",Peaceful Community (fish-only preferred),Longhorn Cowfish (Medium),Longhorn Cowfish (Medium),https://bubba751.github.io/Saltwater-HTML-Files/Longhorn Cowfish (Medium).html,MS07
Marine Betta,Peaceful,Reef Safe,5 Inches,30 Gallon,5-8 Years,No,"Beta Brine, Marine Cuisine, Emerald Entree",Moderate,1-2,Calloplesiops altivelis,Indo-Pacific,76-84°F,1.019-1.025 SG,8.1-8.4,8-12 dKH,Low,"Dark brown/black body with white spotting, eyespot near tail",Peaceful Community,Marine Betta,Marine Betta,https://bubba751.github.io/Saltwater-HTML-Files/Marine Betta.html,MS09
Moorish Idol,Peaceful,Reef Caution,9 Inches,180 Gallon,Varies,No,"Beta Brine, Marine Cuisine, Emerald Entree",Difficult,2-3,Zanclus cornutus,Indo-Pacific,76-84°F,1.019-1.025 SG,8.1-8.4,8-12 dKH,Moderate-High,"Black, white, and yellow vertical bands, long dorsal filament",Peaceful Community,Moorish Idol,Moorish Idol,https://bubba751.github.io/Saltwater-HTML-Files/Moorish Idol.html,MS10
Parrotfish,Peaceful,Not Reef Safe,12-24 Inches (species dependent),180 Gallon,5-10 Years,Yes,"Beta Brine, Marine Cuisine, Emerald Entree",Easy,2,Scarus spp. / Chlorurus spp.,Indo-Pacific,76-84°F,1.019-1.025 SG,8.1-8.4,8-12 dKH,Moderate,"Varies widely by species, often vivid blue/green/pink",Peaceful Community (fish-only),Parrotfish,Parrotfish,https://bubba751.github.io/Saltwater-HTML-Files/Parrotfish.html,MS11
Puffer Blue Spot Fiji (Large),Semi-Aggressive,Reef Caution,6 Inches,29 Gallon,5-10 Years,No,"Marine Cuisine, Emerald Entree, Beta Brine, Krill, Squid",Easy,2,Canthigaster solandri or similar sharpnose puffer,Fiji/South Pacific,76-84°F,1.019-1.025 SG,8.1-8.4,8-12 dKH,Low-Moderate,Tan/brown body with blue spotting,Semi-Aggressive Community,Puffer Blue Spot Fiji (Large),Puffer Blue Spot Fiji (Large),https://bubba751.github.io/Saltwater-HTML-Files/Puffer Blue Spot Fiji (Large).html,PU02
Puffer Blue Spot Fiji (Medium),Semi-Aggressive,Reef Caution,6 Inches,29 Gallon,5-10 Years,No,"Marine Cuisine, Emerald Entree, Beta Brine, Krill, Squid",Easy,2,Canthigaster solandri or similar sharpnose puffer,Fiji/South Pacific,76-84°F,1.019-1.025 SG,8.1-8.4,8-12 dKH,Low-Moderate,Tan/brown body with blue spotting,Semi-Aggressive Community,Puffer Blue Spot Fiji (Medium),Puffer Blue Spot Fiji (Medium),https://bubba751.github.io/Saltwater-HTML-Files/Puffer Blue Spot Fiji (Medium).html,PU01
Puffer Dogface,Semi-Aggressive,Not Reef Safe,10 Inches,55 Gallon,10-15 Years,No,"Marine Cuisine, Emerald Entree, Beta Brine, Krill, Squid",Easy,2,Arothron nigropunctatus,Indo-Pacific,76-84°F,1.019-1.025 SG,8.1-8.4,8-12 dKH,Low-Moderate,Gray/yellow body with black patch around eyes/mouth,Semi-Aggressive Community,Puffer Dogface,Puffer Dogface,https://bubba751.github.io/Saltwater-HTML-Files/Puffer Dogface.html,PU03
Puffer Porcupine (Large),Semi-Aggressive,Not Reef Safe,12-18 Inches,100 Gallon,10-15 Years,No,"Hard scaled Shrimp, Squid, Clams",Moderate,2,Diodon holocanthus,"Atlantic, Pacific, and Indian Oceans",76-84°F,1.019-1.025 SG,8.1-8.4,8-12 dKH,Low-Moderate,"Long, modified scales cover its body. These spines normally lay flat against its skin but stand straight up when the fish expands",Semi-Aggressive Community,Puffer Porcupine (Large),Puffer Porcupine (Large),https://bubba751.github.io/Saltwater-HTML-Files/Puffer Porcupine (Large).html,PU05
Puffer Porcupine (Medium),Semi-Aggressive,Not Reef Safe,12-18 Inches,100 Gallon,10-15 Years,No,"Hard scaled Shrimp, Squid, Clams",Moderate,2,Diodon holocanthus,"Atlantic, Pacific, and Indian Oceans",76-84°F,1.019-1.025 SG,8.1-8.4,8-12 dKH,Low-Moderate,"Long, modified scales cover its body. These spines normally lay flat against its skin but stand straight up when the fish expands",Semi-Aggressive Community,Puffer Porcupine (Medium),Puffer Porcupine (Medium),https://bubba751.github.io/Saltwater-HTML-Files/Puffer Porcupine (Medium).html,PU04
Puffer Porcupine (Small),Semi-Aggressive,Not Reef Safe,12-18 Inches,100 Gallon,10-15 Years,No,"Hard scaled Shrimp, Squid, Clams",Moderate,2,Diodon holocanthus,"Atlantic, Pacific, and Indian Oceans",76-84°F,1.019-1.025 SG,8.1-8.4,8-12 dKH,Low-Moderate,"Long, modified scales cover its body. These spines normally lay flat against its skin but stand straight up when the fish expands",Semi-Aggressive Community,Puffer Porcupine (Small),Puffer Porcupine (Small),https://bubba751.github.io/Saltwater-HTML-Files/Puffer Porcupine (Small).html,1395085
Puffer Valentini,Semi-Aggressive,Reef Caution,5 Inches,29 Gallon,5-8 Years,No,"Marine Cuisine, Emerald Entree, Beta Brine, Krill, Squid",Easy,2,Canthigaster valentini,Indo-Pacific,76-84°F,1.019-1.025 SG,8.1-8.4,8-12 dKH,Low-Moderate,White/tan body with black saddle patches,Semi-Aggressive Community,Puffer Valentini,Puffer Valentini,https://bubba751.github.io/Saltwater-HTML-Files/Puffer Valentini.html,PU06
Rabbitfish Bicolor Foxface (Large),Peaceful,Reef Caution,9 Inches,55 Gallon,8-12 Years,No,"Beta Brine, Marine Cuisine, Emerald Entree",Easy,2-3,Siganus uspi / bicolor morph,Indo-Pacific,76-84°F,1.019-1.025 SG,8.1-8.4,8-12 dKH,Moderate,"Dark front half, yellow rear half",Peaceful Community,Rabbitfish Bicolor Foxface (Large),Rabbitfish Bicolor Foxface (Large),https://bubba751.github.io/Saltwater-HTML-Files/Rabbitfish Bicolor Foxface (Large).html,RB02
Rabbitfish Bicolor Foxface (Medium),Peaceful,Reef Caution,9 Inches,55 Gallon,8-12 Years,No,"Beta Brine, Marine Cuisine, Emerald Entree",Easy,2-3,Siganus uspi / bicolor morph,Indo-Pacific,76-84°F,1.019-1.025 SG,8.1-8.4,8-12 dKH,Moderate,"Dark front half, yellow rear half",Peaceful Community,Rabbitfish Bicolor Foxface (Medium),Rabbitfish Bicolor Foxface (Medium),https://bubba751.github.io/Saltwater-HTML-Files/Rabbitfish Bicolor Foxface (Medium).html,RB01
Rabbitfish Bicolor Foxface (Small),Peaceful,Reef Caution,9 Inches,55 Gallon,8-12 Years,No,"Beta Brine, Marine Cuisine, Emerald Entree",Easy,2-3,Siganus uspi / bicolor morph,Indo-Pacific,76-84°F,1.019-1.025 SG,8.1-8.4,8-12 dKH,Moderate,"Dark front half, yellow rear half",Peaceful Community,Rabbitfish Bicolor Foxface (Small),Rabbitfish Bicolor Foxface (Small),https://bubba751.github.io/Saltwater-HTML-Files/Rabbitfish Bicolor Foxface (Small).html,871951T
Rabbitfish Foxface (Large),Peaceful,Reef Caution,9 Inches,55 Gallon,8-12 Years,No,"Beta Brine, Marine Cuisine, Emerald Entree, Ocean Nutrician Seaweed",Easy,2-3,Siganus vulpinus,Indo-Pacific,76-84°F,1.019-1.025 SG,8.1-8.4,8-12 dKH,Moderate,"Yellow body with brown/white head patch, black-outlined face",Peaceful Community,Rabbitfish Foxface (Large),Rabbitfish Foxface (Large),https://bubba751.github.io/Saltwater-HTML-Files/Rabbitfish Foxface (Large).html,RB05
Rabbitfish Foxface (Medium),Peaceful,Reef Caution,9 Inches,55 Gallon,8-12 Years,No,"Beta Brine, Marine Cuisine, Emerald Entree, Ocean Nutrician Seaweed",Easy,2-3,Siganus vulpinus,Indo-Pacific,76-84°F,1.019-1.025 SG,8.1-8.4,8-12 dKH,Moderate,"Yellow body with brown/white head patch, black-outlined face",Peaceful Community,Rabbitfish Foxface (Medium),Rabbitfish Foxface (Medium),https://bubba751.github.io/Saltwater-HTML-Files/Rabbitfish Foxface (Medium).html,RB04
Rabbitfish Foxface (Small),Peaceful,Reef Caution,9 Inches,55 Gallon,8-12 Years,No,"Beta Brine, Marine Cuisine, Emerald Entree, Ocean Nutrician Seaweed",Easy,2-3,Siganus vulpinus,Indo-Pacific,76-84°F,1.019-1.025 SG,8.1-8.4,8-12 dKH,Moderate,"Yellow body with brown/white head patch, black-outlined face",Peaceful Community,Rabbitfish Foxface (Small),Rabbitfish Foxface (Small),https://bubba751.github.io/Saltwater-HTML-Files/Rabbitfish Foxface (Small).html,RB03
Rabbitfish Metallic Foxface (Large),Peaceful,Reef Caution,9 Inches,55 Gallon,8-12 Years,No,"Beta Brine, Marine Cuisine, Emerald Entree, Ocean Nutrician Seaweed",Easy,2-3,Siganus sp. (metallic-sheen foxface),Indo-Pacific,76-84°F,1.019-1.025 SG,8.1-8.4,8-12 dKH,Moderate,Yellow body with metallic blue-gray sheen,Peaceful Community,Rabbitfish Metallic Foxface (Large),Rabbitfish Metallic Foxface (Large),https://bubba751.github.io/Saltwater-HTML-Files/Rabbitfish Metallic Foxface (Large).html,RB07
Rabbitfish Metallic Foxface (Medium),Peaceful,Reef Caution,9 Inches,55 Gallon,8-12 Years,No,"Beta Brine, Marine Cuisine, Emerald Entree, Ocean Nutrician Seaweed",Easy,2-3,Siganus sp. (metallic-sheen foxface),Indo-Pacific,76-84°F,1.019-1.025 SG,8.1-8.4,8-12 dKH,Moderate,Yellow body with metallic blue-gray sheen,Peaceful Community,Rabbitfish Metallic Foxface (Medium),Rabbitfish Metallic Foxface (Medium),https://bubba751.github.io/Saltwater-HTML-Files/Rabbitfish Metallic Foxface (Medium).html,RB06
Rabbitfish Metallic Foxface (Small),Peaceful,Reef Caution,9 Inches,55 Gallon,8-12 Years,No,"Beta Brine, Marine Cuisine, Emerald Entree, Ocean Nutrician Seaweed",Easy,2-3,Siganus sp. (metallic-sheen foxface),Indo-Pacific,76-84°F,1.019-1.025 SG,8.1-8.4,8-12 dKH,Moderate,Yellow body with metallic blue-gray sheen,Peaceful Community,Rabbitfish Metallic Foxface (Small),Rabbitfish Metallic Foxface (Small),https://bubba751.github.io/Saltwater-HTML-Files/Rabbitfish Metallic Foxface (Small).html,368192Q
Rabbitfish One Spot,Peaceful,Reef Caution,10 Inches,55 Gallon,8-12 Years,No,"Beta Brine, Marine Cuisine, Emerald Entree, Ocean Nutrician Seaweed",Easy,2-3,Siganus unimaculatus,Indo-Pacific,76-84°F,1.019-1.025 SG,8.1-8.4,8-12 dKH,Moderate,Yellow body with single black spot near dorsal fin,Peaceful Community,Rabbitfish One Spot,Rabbitfish One Spot,https://bubba751.github.io/Saltwater-HTML-Files/Rabbitfish One Spot.html,RB08
Rabbitfish Orangespot,Peaceful,Reef Caution,8 Inches,55 Gallon,8-12 Years,No,"Beta Brine, Marine Cuisine, Emerald Entree, Ocean Nutrician Seaweed",Easy,2-3,Siganus guttatus,Indo-Pacific,76-84°F,1.019-1.025 SG,8.1-8.4,8-12 dKH,Moderate,Olive-brown body with orange spotting,Peaceful Community,Rabbitfish Orangespot,Rabbitfish Orangespot,https://bubba751.github.io/Saltwater-HTML-Files/Rabbitfish Orangespot.html,RB09
Rabbitfish Scribbled,Peaceful,Reef Caution,15 Inches,55 Gallon,8-12 Years,No,"Beta Brine, Marine Cuisine, Emerald Entree, Ocean Nutrician Seaweed",Easy,2-3,Siganus doliatus / spinus (Scribbled Rabbitfish),Indo-Pacific,76-84°F,1.019-1.025 SG,8.1-8.4,8-12 dKH,Moderate,Blue-gray body with fine yellow scribble-like lines,Peaceful Community,Rabbitfish Scribbled,Rabbitfish Scribbled,https://bubba751.github.io/Saltwater-HTML-Files/Rabbitfish Scribbled.html,RB10
Snapper,Semi-Aggressive,Not Reef Safe,12-24 Inches (species dependent),55 Gallon,10-15 Years,No,"Beta Brine, Marine Cuisine, Krill",Easy,2-3,Lutjanus spp.,Indo-Pacific,76-84°F,1.019-1.025 SG,8.1-8.4,8-12 dKH,Moderate,"Varies by species, often silver/yellow with stripes",Semi-Aggressive Community (fish-only),Snapper,Snapper,https://bubba751.github.io/Saltwater-HTML-Files/Snapper.html,MS12
Sweetlips Oriental,Peaceful,Not Reef Safe,20-30 Inches (species dependent),55 Gallon,10-15 Years,No,"Marine Cuisine, Beta Brine, Emerald Entree, Ocean Nutrician Seaweed",Moderate,2-3,Plectorhinchus spp.,Indo-Pacific,76-84°F,1.019-1.025 SG,8.1-8.4,8-12 dKH,Moderate,Horizontal black and white stripes stretching along a pale silver-grey body,Peaceful Community (fish-only preferred),Sweetlips Oriental,Sweetlips Oriental,https://bubba751.github.io/Saltwater-HTML-Files/Sweetlips Oriental.html,474774K
Sweetlips Spotted,Peaceful,Not Reef Safe,20-30 Inches (species dependent),55 Gallon,10-15 Years,No,"Marine Cuisine, Beta Brine, Emerald Entree, Ocean Nutrician Seaweed",Moderate,2-3,Plectorhinchus spp.,Indo-Pacific,76-84°F,1.019-1.025 SG,8.1-8.4,8-12 dKH,Moderate,Horizontal black and white stripes stretching along a pale silver-grey body,Peaceful Community (fish-only preferred),Sweetlips Oriental,Sweetlips Oriental,https://github.com/Bubba751/Saltwater-HTML-Files/blob/main/Sweetlips%20Spotted.html,1785839
Sweetlips Striped,Peaceful,Not Reef Safe,20-30 Inches (species dependent),55 Gallon,10-15 Years,No,"Marine Cuisine, Beta Brine, Emerald Entree, Ocean Nutrician Seaweed",Moderate,2-3,Plectorhinchus spp.,Indo-Pacific,76-84°F,1.019-1.025 SG,8.1-8.4,8-12 dKH,Moderate,Horizontal or diagonal black-and-white stripes across a silvery-gray body. ,Peaceful Community (fish-only preferred),Sweetlips Striped,Sweetlips Striped,https://bubba751.github.io/Saltwater-HTML-Files/Sweetlips Striped.html,MS13
Tang Achilles (Large),Semi-Aggressive,Reef Safe,10 Inches,55 Gallon,10-20 Years,No,"Marine Cuisine, Emerald Entree, Beta Brine, Ocean Nutrician Seaweed",Difficult,2-3,Acanthurus achilles,Central/South Pacific,76-84°F,1.019-1.025 SG,8.1-8.4,8-12 dKH,High,Black body with an orange teardrop patch near tail,Semi-Aggressive Community,Tang Achilles (Large),Tang Achilles (Large),https://bubba751.github.io/Saltwater-HTML-Files/Tang Achilles (Large).html,TA01
Tang Achilles (Medium),Semi-Aggressive,Reef Safe,10 Inches,55 Gallon,10-20 Years,No,"Marine Cuisine, Emerald Entree, Beta Brine, Ocean Nutrician Seaweed",Difficult,2-3,Acanthurus achilles,Central/South Pacific,76-84°F,1.019-1.025 SG,8.1-8.4,8-12 dKH,High,Black body with an orange teardrop patch near tail,Semi-Aggressive Community,Tang Achilles (Medium),Tang Achilles (Medium),https://bubba751.github.io/Saltwater-HTML-Files/Tang Achilles (Medium).html,Q252205
Tang Achilles (Small),Semi-Aggressive,Reef Safe,10 Inches,55 Gallon,10-20 Years,No,"Marine Cuisine, Emerald Entree, Beta Brine, Ocean Nutrician Seaweed",Difficult,2-3,Acanthurus achilles,Central/South Pacific,76-84°F,1.019-1.025 SG,8.1-8.4,8-12 dKH,High,Black body with an orange teardrop patch near tail,Semi-Aggressive Community,Tang Achilles (Small),Tang Achilles (Small),https://bubba751.github.io/Saltwater-HTML-Files/Tang Achilles (Small).html,986678A
Tang Atlantic Blue (Large),Semi-Aggressive,Reef Safe,12 Inches,55 Gallon,10-20 Years,No,"Marine Cuisine, Emerald Entree, Beta Brine, Ocean Nutrician Seaweed",Easy,2-3,Acanthurus coeruleus,"Western Atlantic, Caribbean",76-84°F,1.019-1.025 SG,8.1-8.4,8-12 dKH,Moderate-High,"Deep blue body, yellow tail as juvenile fading with age",Peaceful,Tang Atlantic Blue (Large),Tang Atlantic Blue (Large),https://bubba751.github.io/Saltwater-HTML-Files/Tang Atlantic Blue (Large).html,TA02
Tang Atlantic Blue (Medium),Semi-Aggressive,Reef Safe,12 Inches,55 Gallon,10-20 Years,No,"Marine Cuisine, Emerald Entree, Beta Brine, Ocean Nutrician Seaweed",Easy,2-3,Acanthurus coeruleus,"Western Atlantic, Caribbean",76-84°F,1.019-1.025 SG,8.1-8.4,8-12 dKH,Moderate-High,"Deep blue body, yellow tail as juvenile fading with age",Peaceful,Tang Atlantic Blue (Medium),Tang Atlantic Blue (Medium),https://bubba751.github.io/Saltwater-HTML-Files/Tang Atlantic Blue (Medium).html,Q896383
Tang Atlantic Blue (Small),Semi-Aggressive,Reef Safe,12 Inches,55 Gallon,10-20 Years,No,"Marine Cuisine, Emerald Entree, Beta Brine, Ocean Nutrician Seaweed",Easy,2-3,Acanthurus coeruleus,"Western Atlantic, Caribbean",76-84°F,1.019-1.025 SG,8.1-8.4,8-12 dKH,Moderate-High,"Deep blue body, yellow tail as juvenile fading with age",Peaceful,Tang Atlantic Blue (Small),Tang Atlantic Blue (Small),https://bubba751.github.io/Saltwater-HTML-Files/Tang Atlantic Blue (Small).html,J431790
Tang Blue Eyed Kole (Large),Peaceful,Reef Safe,7 Inches,55 Gallon,10-20 Years,No,"Marine Cuisine, Emerald Entree, Beta Brine, Ocean Nutrician Seaweed",Easy,2-3,Ctenochaetus strigosus (blue-eye variant),Hawaii,76-84°F,1.019-1.025 SG,8.1-8.4,8-12 dKH,Moderate,"Brown/tan body with fine gold striping, blue eye ring",Peaceful Community,Tang Blue Eyed Kole (Large),Tang Blue Eyed Kole (Large),https://bubba751.github.io/Saltwater-HTML-Files/Tang Blue Eyed Kole (Large).html,TA04
Tang Blue Eyed Kole (Medium),Peaceful,Reef Safe,7 Inches,55 Gallon,10-20 Years,No,"Marine Cuisine, Emerald Entree, Beta Brine, Ocean Nutrician Seaweed",Easy,2-3,Ctenochaetus strigosus (blue-eye variant),Hawaii,76-84°F,1.019-1.025 SG,8.1-8.4,8-12 dKH,Moderate,"Brown/tan body with fine gold striping, blue eye ring",Peaceful Community,Tang Blue Eyed Kole (Medium),Tang Blue Eyed Kole (Medium),https://bubba751.github.io/Saltwater-HTML-Files/Tang Blue Eyed Kole (Medium).html,TA03
Tang Blue Eyed Kole (Small),Peaceful,Reef Safe,7 Inches,55 Gallon,10-20 Years,No,"Marine Cuisine, Emerald Entree, Beta Brine, Ocean Nutrician Seaweed",Easy,2-3,Ctenochaetus strigosus (blue-eye variant),Hawaii,76-84°F,1.019-1.025 SG,8.1-8.4,8-12 dKH,Moderate,"Brown/tan body with fine gold striping, blue eye ring",Peaceful Community,Tang Blue Eyed Kole (Small),Tang Blue Eyed Kole (Small),https://bubba751.github.io/Saltwater-HTML-Files/Tang Blue Eyed Kole (Small).html,5302060
Tang Blue Hippo (Large),Peaceful,Reef Safe,12 Inches,29 Gallon,8-20 Years,No,"Marine Cuisine, Emerald Entree, Beta Brine, Ocean Nutrician Seaweed",Easy,2-3,Paracanthurus hepatus,Indo-Pacific,76-84°F,1.019-1.025 SG,8.1-8.4,8-12 dKH,Moderate-High,"Bright blue body, black palette pattern, yellow tail",Peaceful Community,Tang Blue Hippo (Large),Tang Blue Hippo (Large),https://bubba751.github.io/Saltwater-HTML-Files/Tang Blue Hippo (Large).html,TA07
Tang Blue Hippo (Medium),Peaceful,Reef Safe,12 Inches,29 Gallon,8-20 Years,No,"Marine Cuisine, Emerald Entree, Beta Brine, Ocean Nutrician Seaweed",Easy,2-3,Paracanthurus hepatus,Indo-Pacific,76-84°F,1.019-1.025 SG,8.1-8.4,8-12 dKH,Moderate-High,"Bright blue body, black palette pattern, yellow tail",Peaceful Community,Tang Blue Hippo (Medium),Tang Blue Hippo (Medium),https://bubba751.github.io/Saltwater-HTML-Files/Tang Blue Hippo (Medium).html,TA06
Tang Blue Hippo (Small),Peaceful,Reef Safe,12 Inches,29 Gallon,8-20 Years,No,"Marine Cuisine, Emerald Entree, Beta Brine, Ocean Nutrician Seaweed",Easy,2-3,Paracanthurus hepatus,Indo-Pacific,76-84°F,1.019-1.025 SG,8.1-8.4,8-12 dKH,Moderate-High,"Bright blue body, black palette pattern, yellow tail",Peaceful Community,Tang Blue Hippo (Small),Tang Blue Hippo (Small),https://bubba751.github.io/Saltwater-HTML-Files/Tang Blue Hippo (Small).html,TA05
Tang Chevron Juvenile (Large),Peaceful,Reef Safe,10 Inches,29 Gallon,10-20 Years,No,"Marine Cuisine, Emerald Entree, Beta Brine, Ocean Nutrician Seaweed",Moderate,2-3,Ctenochaetus hawaiiensis (juvenile),Hawaii/Pacific,76-84°F,1.019-1.025 SG,8.1-8.4,8-12 dKH,Moderate,"Orange body with blue chevron striping as juvenile, darkens with age",Peaceful Community,Tang Chevron Juvenile (Large),Tang Chevron Juvenile (Large),https://bubba751.github.io/Saltwater-HTML-Files/Tang Chevron Juvenile (Large).html,TA08
Tang Chevron Juvenile (Medium),Peaceful,Reef Safe,10 Inches,29 Gallon,10-20 Years,No,"Marine Cuisine, Emerald Entree, Beta Brine, Ocean Nutrician Seaweed",Moderate,2-3,Ctenochaetus hawaiiensis (juvenile),Hawaii/Pacific,76-84°F,1.019-1.025 SG,8.1-8.4,8-12 dKH,Moderate,"Orange body with blue chevron striping as juvenile, darkens with age",Peaceful Community,Tang Chevron Juvenile (Medium),Tang Chevron Juvenile (Medium),https://bubba751.github.io/Saltwater-HTML-Files/Tang Chevron Juvenile (Medium).html,8735296
Tang Chevron Juvenile (Small),Peaceful,Reef Safe,10 Inches,29 Gallon,10-20 Years,No,"Marine Cuisine, Emerald Entree, Beta Brine, Ocean Nutrician Seaweed",Moderate,2-3,Ctenochaetus hawaiiensis (juvenile),Hawaii/Pacific,76-84°F,1.019-1.025 SG,8.1-8.4,8-12 dKH,Moderate,"Orange body with blue chevron striping as juvenile, darkens with age",Peaceful Community,Tang Chevron Juvenile (Small),Tang Chevron Juvenile (Small),https://bubba751.github.io/Saltwater-HTML-Files/Tang Chevron Juvenile (Small).html,7151162
Tang Clown (Large),Peaceful,Reef Safe,10 Inches,55 Gallon,10-20 Years,No,"Marine Cuisine, Emerald Entree, Beta Brine, Ocean Nutrician Seaweed",Moderate,2-3,Acanthurus lineatus,Indo-Pacific,76-84°F,1.019-1.025 SG,8.1-8.4,8-12 dKH,High,Blue-black body with bold yellow and blue horizontal stripes,Peaceful Community,Tang Clown (Large),Tang Clown (Large),https://bubba751.github.io/Saltwater-HTML-Files/Tang Clown (Large).html,TA09
Tang Clown (Medium),Peaceful,Reef Safe,10 Inches,55 Gallon,10-20 Years,No,"Marine Cuisine, Emerald Entree, Beta Brine, Ocean Nutrician Seaweed",Moderate,2-3,Acanthurus lineatus,Indo-Pacific,76-84°F,1.019-1.025 SG,8.1-8.4,8-12 dKH,High,Blue-black body with bold yellow and blue horizontal stripes,Peaceful Community,Tang Clown (Medium),Tang Clown (Medium),https://bubba751.github.io/Saltwater-HTML-Files/Tang Clown (Medium).html,180965L
Tang Clown (Small),Peaceful,Reef Safe,10 Inches,55 Gallon,10-20 Years,No,"Marine Cuisine, Emerald Entree, Beta Brine, Ocean Nutrician Seaweed",Moderate,2-3,Acanthurus lineatus,Indo-Pacific,76-84°F,1.019-1.025 SG,8.1-8.4,8-12 dKH,High,Blue-black body with bold yellow and blue horizontal stripes,Peaceful Community,Tang Clown (Small),Tang Clown (Small),https://bubba751.github.io/Saltwater-HTML-Files/Tang Clown (Small).html,3178440
Tang Convict (Large),Peaceful,Reef Safe,9 Inches,55 Gallon,10-20 Years,No,"Marine Cuisine, Emerald Entree, Beta Brine, Ocean Nutrician Seaweed",Easy,2-3,Acanthurus triostegus,Indo-Pacific,76-84°F,1.019-1.025 SG,8.1-8.4,8-12 dKH,Moderate,White/silver body with black vertical bars,"Peaceful Community, tolerates small groups better than most tangs",Tang Convict (Large),Tang Convict (Large),https://bubba751.github.io/Saltwater-HTML-Files/Tang Convict (Large).html,TA10
Tang Convict (Medium),Peaceful,Reef Safe,9 Inches,55 Gallon,10-20 Years,No,"Marine Cuisine, Emerald Entree, Beta Brine, Ocean Nutrician Seaweed",Easy,2-3,Acanthurus triostegus,Indo-Pacific,76-84°F,1.019-1.025 SG,8.1-8.4,8-12 dKH,Moderate,White/silver body with black vertical bars,"Peaceful Community, tolerates small groups better than most tangs",Tang Convict (Medium),Tang Convict (Medium),https://bubba751.github.io/Saltwater-HTML-Files/Tang Convict (Medium).html,A709013
Tang Convict (Small),Peaceful,Reef Safe,9 Inches,55 Gallon,10-20 Years,No,"Marine Cuisine, Emerald Entree, Beta Brine, Ocean Nutrician Seaweed",Easy,2-3,Acanthurus triostegus,Indo-Pacific,76-84°F,1.019-1.025 SG,8.1-8.4,8-12 dKH,Moderate,White/silver body with black vertical bars,"Peaceful Community, tolerates small groups better than most tangs",Tang Convict (Small),Tang Convict (Small),https://bubba751.github.io/Saltwater-HTML-Files/Tang Convict (Small).html,Q313799
Tang Desjardini Sailfin (Large),Semi-Aggressive,Reef Safe,15 Inches,55 Gallon,10-20 Years,No,"Marine Cuisine, Emerald Entree, Beta Brine, Ocean Nutrician Seaweed",Easy,2-3,Zebrasoma desjardinii,Indian Ocean,76-84°F,1.019-1.025 SG,8.1-8.4,8-12 dKH,Moderate,"Gray-brown body with fine striping, large sail-like dorsal fin",Semi-Aggressive Community,Tang Desjardini Sailfin (Large),Tang Desjardini Sailfin (Large),https://bubba751.github.io/Saltwater-HTML-Files/Tang Desjardini Sailfin (Large).html,TA11
Tang Desjardini Sailfin (Medium),Semi-Aggressive,Reef Safe,15 Inches,55 Gallon,10-20 Years,No,"Marine Cuisine, Emerald Entree, Beta Brine, Ocean Nutrician Seaweed",Easy,2-3,Zebrasoma desjardinii,Indian Ocean,76-84°F,1.019-1.025 SG,8.1-8.4,8-12 dKH,Moderate,"Gray-brown body with fine striping, large sail-like dorsal fin",Semi-Aggressive Community,Tang Desjardini Sailfin (Medium),Tang Desjardini Sailfin (Medium),https://bubba751.github.io/Saltwater-HTML-Files/Tang Desjardini Sailfin (Medium).html,253620C
Tang Desjardini Sailfin (Small),Semi-Aggressive,Reef Safe,15 Inches,55 Gallon,10-20 Years,No,"Marine Cuisine, Emerald Entree, Beta Brine, Ocean Nutrician Seaweed",Easy,2-3,Zebrasoma desjardinii,Indian Ocean,76-84°F,1.019-1.025 SG,8.1-8.4,8-12 dKH,Moderate,"Gray-brown body with fine striping, large sail-like dorsal fin",Semi-Aggressive Community,Tang Desjardini Sailfin (Small),Tang Desjardini Sailfin (Small),https://bubba751.github.io/Saltwater-HTML-Files/Tang Desjardini Sailfin (Small).html,1189907
Tang Eibli (Large),Peaceful,Reef Safe,8 Inches,55 Gallon,10-20 Years,No,"Marine Cuisine, Emerald Entree, Beta Brine, Ocean Nutrician Seaweed",Moderate,2-3,Ctenochaetus eibli (Blue-spotted Bristletooth),Indian Ocean,76-84°F,1.019-1.025 SG,8.1-8.4,8-12 dKH,Moderate,Gray body with orange belly patch and blue spotting,Peaceful Community,Tang Eibli (Large),Tang Eibli (Large),https://bubba751.github.io/Saltwater-HTML-Files/Tang Eibli (Large).html,TA12
Tang Eibli (Medium),Peaceful,Reef Safe,8 Inches,55 Gallon,10-20 Years,No,"Marine Cuisine, Emerald Entree, Beta Brine, Ocean Nutrician Seaweed",Moderate,2-3,Ctenochaetus eibli (Blue-spotted Bristletooth),Indian Ocean,76-84°F,1.019-1.025 SG,8.1-8.4,8-12 dKH,Moderate,Gray body with orange belly patch and blue spotting,Peaceful Community,Tang Eibli (Medium),Tang Eibli (Medium),https://bubba751.github.io/Saltwater-HTML-Files/Tang Eibli (Medium).html,D264240
Tang Eibli (Small),Peaceful,Reef Safe,8 Inches,55 Gallon,10-20 Years,No,"Marine Cuisine, Emerald Entree, Beta Brine, Ocean Nutrician Seaweed",Moderate,2-3,Ctenochaetus eibli (Blue-spotted Bristletooth),Indian Ocean,76-84°F,1.019-1.025 SG,8.1-8.4,8-12 dKH,Moderate,Gray body with orange belly patch and blue spotting,Peaceful Community,Tang Eibli (Small),Tang Eibli (Small),https://bubba751.github.io/Saltwater-HTML-Files/Tang Eibli (Small).html,640340T
Tang Gemmatum (Large),Peaceful,Reef Safe,10 Inches,55 Gallon,10-20 Years,No,"Marine Cuisine, Emerald Entree, Beta Brine, Ocean Nutrician Seaweed",Easy,2-3,Zebrasoma gemmatum (Gem/Spotted Tang),Western Indian Ocean,76-84°F,1.019-1.025 SG,8.1-8.4,8-12 dKH,Moderate-High,Dark body covered in fine gold/white spots,Semi-Aggressive Community,Tang Gemmatum (Large),Tang Gemmatum (Large),https://bubba751.github.io/Saltwater-HTML-Files/Tang Gemmatum (Large).html,TA13
Tang Gemmatum (Medium),Peaceful,Reef Safe,10 Inches,55 Gallon,10-20 Years,No,"Marine Cuisine, Emerald Entree, Beta Brine, Ocean Nutrician Seaweed",Easy,2-3,Zebrasoma gemmatum (Gem/Spotted Tang),Western Indian Ocean,76-84°F,1.019-1.025 SG,8.1-8.4,8-12 dKH,Moderate-High,Dark body covered in fine gold/white spots,Semi-Aggressive Community,Tang Gemmatum (Medium),Tang Gemmatum (Medium),https://bubba751.github.io/Saltwater-HTML-Files/Tang Gemmatum (Medium).html,1566700
Tang Gemmatum (Small),Peaceful,Reef Safe,10 Inches,55 Gallon,10-20 Years,No,"Marine Cuisine, Emerald Entree, Beta Brine, Ocean Nutrician Seaweed",Easy,2-3,Zebrasoma gemmatum (Gem/Spotted Tang),Western Indian Ocean,76-84°F,1.019-1.025 SG,8.1-8.4,8-12 dKH,Moderate-High,Dark body covered in fine gold/white spots,Semi-Aggressive Community,Tang Gemmatum (Small),Tang Gemmatum (Small),https://bubba751.github.io/Saltwater-HTML-Files/Tang Gemmatum (Small).html,9971894
Tang Gold Rim (Large),Semi-Aggressive,Reef Safe,10 Inches,55 Gallon,10-20 Years,No,"Marine Cuisine, Emerald Entree, Beta Brine, Ocean Nutrician Seaweed",Moderate,2-3,Acanthurus nigricans (Gold-rim Tang),Indo-Pacific,76-84°F,1.019-1.025 SG,8.1-8.4,8-12 dKH,Moderate-High,Black-brown body with gold-yellow rim around fins and tail,Semi-Aggressive Community,Tang Gold Rim (Large),Tang Gold Rim (Large),https://bubba751.github.io/Saltwater-HTML-Files/Tang Gold Rim (Large).html,TA15
Tang Gold Rim (Medium),Semi-Aggressive,Reef Safe,10 Inches,55 Gallon,10-20 Years,No,"Marine Cuisine, Emerald Entree, Beta Brine, Ocean Nutrician Seaweed",Moderate,2-3,Acanthurus nigricans (Gold-rim Tang),Indo-Pacific,76-84°F,1.019-1.025 SG,8.1-8.4,8-12 dKH,Moderate-High,Black-brown body with gold-yellow rim around fins and tail,Semi-Aggressive Community,Tang Gold Rim (Medium),Tang Gold Rim (Medium),https://bubba751.github.io/Saltwater-HTML-Files/Tang Gold Rim (Medium).html,203436C
Tang Gold Rim (Small),Semi-Aggressive,Reef Safe,10 Inches,55 Gallon,10-20 Years,No,"Marine Cuisine, Emerald Entree, Beta Brine, Ocean Nutrician Seaweed",Moderate,2-3,Acanthurus nigricans (Gold-rim Tang),Indo-Pacific,76-84°F,1.019-1.025 SG,8.1-8.4,8-12 dKH,Moderate-High,Black-brown body with gold-yellow rim around fins and tail,Semi-Aggressive Community,Tang Gold Rim (Small),Tang Gold Rim (Small),https://bubba751.github.io/Saltwater-HTML-Files/Tang Gold Rim (Small).html,122084P
Tang Hybrid Blue Gold (Large),Peaceful,Reef Safe,10 Inches,29 Gallon,10-20 Years,No,"Marine Cuisine, Emerald Entree, Beta Brine, Ocean Nutrician Seaweed",Moderate,2-3,Acanthurus sp. (Blue/Gold hybrid tang),Indo-Pacific (hybrid zone),76-84°F,1.019-1.025 SG,8.1-8.4,8-12 dKH,Moderate-High,Blue-gray body blended with gold patching,Peaceful Community,Tang Hybrid Blue Gold (Large),Tang Hybrid Blue Gold (Large),https://bubba751.github.io/Saltwater-HTML-Files/Tang Hybrid Blue Gold (Large).html,TA16
Tang Hybrid Blue Gold (Medium),Peaceful,Reef Safe,10 Inches,29 Gallon,10-20 Years,No,"Marine Cuisine, Emerald Entree, Beta Brine, Ocean Nutrician Seaweed",Moderate,2-3,Acanthurus sp. (Blue/Gold hybrid tang),Indo-Pacific (hybrid zone),76-84°F,1.019-1.025 SG,8.1-8.4,8-12 dKH,Moderate-High,Blue-gray body blended with gold patching,Peaceful Community,Tang Hybrid Blue Gold (Medium),Tang Hybrid Blue Gold (Medium),https://bubba751.github.io/Saltwater-HTML-Files/Tang Hybrid Blue Gold (Medium).html,4186626
Tang Hybrid Blue Gold (Small),Peaceful,Reef Safe,10 Inches,29 Gallon,10-20 Years,No,"Marine Cuisine, Emerald Entree, Beta Brine, Ocean Nutrician Seaweed",Moderate,2-3,Acanthurus sp. (Blue/Gold hybrid tang),Indo-Pacific (hybrid zone),76-84°F,1.019-1.025 SG,8.1-8.4,8-12 dKH,Moderate-High,Blue-gray body blended with gold patching,Peaceful Community,Tang Hybrid Blue Gold (Small),Tang Hybrid Blue Gold (Small),https://bubba751.github.io/Saltwater-HTML-Files/Tang Hybrid Blue Gold (Small).html,3736243
Tang Lieutenant (Large),Peaceful,Reef Safe,10 Inches,29 Gallon,10-20 Years,No,"Marine Cuisine, Emerald Entree, Beta Brine, Ocean Nutrician Seaweed",Easy,2-3,Acanthurus tennenti,Indo-Pacific,76-84°F,1.019-1.025 SG,8.1-8.4,8-12 dKH,Moderate-High,"A sleek, slate-gray or tan body accented by two dark vertical bars behind the gills",Peaceful Community,Tang Lieutenant (Large),Tang Lieutenant (Large),https://github.com/Bubba751/Saltwater-HTML-Files/blob/main/Tang%20Lieutenant%20(Large).html,B057634
Tang Lieutenant (Medium),Peaceful,Reef Safe,10 Inches,29 Gallon,10-20 Years,No,"Marine Cuisine, Emerald Entree, Beta Brine, Ocean Nutrician Seaweed",Easy,2-3,Acanthurus tennenti,Indo-Pacific,76-84°F,1.019-1.025 SG,8.1-8.4,8-12 dKH,Moderate-High,"A sleek, slate-gray or tan body accented by two dark vertical bars behind the gills",Peaceful Community,Tang Lieutenant (Large),Tang Lieutenant (Medium),https://github.com/Bubba751/Saltwater-HTML-Files/blob/main/Tang%20Lieutenant%20(Medium).html,251336P
Tang Lieutenant (Small),Peaceful,Reef Safe,10 Inches,29 Gallon,10-20 Years,No,"Marine Cuisine, Emerald Entree, Beta Brine, Ocean Nutrician Seaweed",Easy,2-3,Acanthurus tennenti,Indo-Pacific,76-84°F,1.019-1.025 SG,8.1-8.4,8-12 dKH,Moderate-High,"A sleek, slate-gray or tan body accented by two dark vertical bars behind the gills",Peaceful Community,Tang Lieutenant (Large),Tang Lieutenant (Small),https://github.com/Bubba751/Saltwater-HTML-Files/blob/main/Tang%20Lieutenant%20(Small).html,990615A
Tang Mimic (Large),Peaceful,Reef Safe,6 Inches,55 Gallon,10-20 Years,No,"Marine Cuisine, Emerald Entree, Beta Brine, Ocean Nutrician Seaweed",Easy,2-3,"Acanthurus pyroferus (Mimic Tang, juvenile mimics Centropyge angels)",Indo-Pacific,76-84°F,1.019-1.025 SG,8.1-8.4,8-12 dKH,Moderate,"Yellow as juvenile (mimicking pygmy angels), grays/browns as adult",Peaceful Community,Tang Mimic (Large),Tang Mimic (Large),https://bubba751.github.io/Saltwater-HTML-Files/Tang Mimic (Large).html,TA17
Tang Mimic (Medium),Peaceful,Reef Safe,6 Inches,55 Gallon,10-20 Years,No,"Marine Cuisine, Emerald Entree, Beta Brine, Ocean Nutrician Seaweed",Easy,2-3,"Acanthurus pyroferus (Mimic Tang, juvenile mimics Centropyge angels)",Indo-Pacific,76-84°F,1.019-1.025 SG,8.1-8.4,8-12 dKH,Moderate,"Yellow as juvenile (mimicking pygmy angels), grays/browns as adult",Peaceful Community,Tang Mimic (Medium),Tang Mimic (Medium),https://bubba751.github.io/Saltwater-HTML-Files/Tang Mimic (Medium).html,548757M
Tang Mimic (Small),Peaceful,Reef Safe,6 Inches,55 Gallon,10-20 Years,No,"Marine Cuisine, Emerald Entree, Beta Brine, Ocean Nutrician Seaweed",Easy,2-3,"Acanthurus pyroferus (Mimic Tang, juvenile mimics Centropyge angels)",Indo-Pacific,76-84°F,1.019-1.025 SG,8.1-8.4,8-12 dKH,Moderate,"Yellow as juvenile (mimicking pygmy angels), grays/browns as adult",Peaceful Community,Tang Mimic (Small),Tang Mimic (Small),https://bubba751.github.io/Saltwater-HTML-Files/Tang Mimic (Small).html,F847593
Tang Naso (Extra Large),Peaceful,Reef Safe,15 Inches,55 Gallon,10-20 Years,No,"Marine Cuisine, Emerald Entree, Beta Brine, Ocean Nutrician Seaweed",Easy,2-3,Naso lituratus / Naso spp.,Indo-Pacific,76-84°F,1.019-1.025 SG,8.1-8.4,8-12 dKH,Moderate-High,"Olive-brown body, orange highlights, distinctive tail streamers",Peaceful Community,Tang Naso (Extra Large),Tang Naso (Extra Large),https://bubba751.github.io/Saltwater-HTML-Files/Tang Naso (Extra Large).html,TA23
Tang Naso (Large),Peaceful,Reef Safe,15 Inches,55 Gallon,10-20 Years,No,"Marine Cuisine, Emerald Entree, Beta Brine, Ocean Nutrician Seaweed",Easy,2-3,Naso lituratus / Naso spp.,Indo-Pacific,76-84°F,1.019-1.025 SG,8.1-8.4,8-12 dKH,Moderate-High,"Olive-brown body, orange highlights, distinctive tail streamers",Peaceful Community,Tang Naso (Large),Tang Naso (Large),https://bubba751.github.io/Saltwater-HTML-Files/Tang Naso (Large).html,TA22
Tang Naso (Medium),Peaceful,Reef Safe,15 Inches,55 Gallon,10-20 Years,No,"Marine Cuisine, Emerald Entree, Beta Brine, Ocean Nutrician Seaweed",Easy,2-3,Naso lituratus / Naso spp.,Indo-Pacific,76-84°F,1.019-1.025 SG,8.1-8.4,8-12 dKH,Moderate-High,"Olive-brown body, orange highlights, distinctive tail streamers",Peaceful Community,Tang Naso (Medium),Tang Naso (Medium),https://bubba751.github.io/Saltwater-HTML-Files/Tang Naso (Medium).html,TA21
Tang Naso (Small),Peaceful,Reef Safe,15 Inches,55 Gallon,10-20 Years,No,"Marine Cuisine, Emerald Entree, Beta Brine, Ocean Nutrician Seaweed",Easy,2-3,Naso lituratus / Naso spp.,Indo-Pacific,76-84°F,1.019-1.025 SG,8.1-8.4,8-12 dKH,Moderate-High,"Olive-brown body, orange highlights, distinctive tail streamers",Peaceful Community,Tang Naso (Small),Tang Naso (Small),https://bubba751.github.io/Saltwater-HTML-Files/Tang Naso (Small).html,9729105
Tang Naso Blonde (Extra Large),Peaceful,Reef Safe,15 Inches,55 Gallon,10-20 Years,No,"Marine Cuisine, Emerald Entree, Beta Brine, Ocean Nutrician Seaweed",Easy,2-3,Naso elegans (Blonde variant),Indian Ocean,76-84°F,1.019-1.025 SG,8.1-8.4,8-12 dKH,Moderate-High,Gray-brown body with a yellow/blonde dorsal patch,Peaceful Community,Tang Naso Blonde (Extra Large),Tang Naso Blonde (Extra Large),https://bubba751.github.io/Saltwater-HTML-Files/Tang Naso Blonde (Extra Large).html,TA20
Tang Naso Blonde (Large),Peaceful,Reef Safe,15 Inches,55 Gallon,10-20 Years,No,"Marine Cuisine, Emerald Entree, Beta Brine, Ocean Nutrician Seaweed",Easy,2-3,Naso elegans (Blonde variant),Indian Ocean,76-84°F,1.019-1.025 SG,8.1-8.4,8-12 dKH,Moderate-High,Gray-brown body with a yellow/blonde dorsal patch,Peaceful Community,Tang Naso Blonde (Large),Tang Naso Blonde (Large),https://bubba751.github.io/Saltwater-HTML-Files/Tang Naso Blonde (Large).html,TA19
Tang Naso Blonde (Medium),Peaceful,Reef Safe,15 Inches,55 Gallon,10-20 Years,No,"Marine Cuisine, Emerald Entree, Beta Brine, Ocean Nutrician Seaweed",Easy,2-3,Naso elegans (Blonde variant),Indian Ocean,76-84°F,1.019-1.025 SG,8.1-8.4,8-12 dKH,Moderate-High,Gray-brown body with a yellow/blonde dorsal patch,Peaceful Community,Tang Naso Blonde (Medium),Tang Naso Blonde (Medium),https://bubba751.github.io/Saltwater-HTML-Files/Tang Naso Blonde (Medium).html,TA18
Tang Naso Blonde (Small),Peaceful,Reef Safe,15 Inches,55 Gallon,10-20 Years,No,"Marine Cuisine, Emerald Entree, Beta Brine, Ocean Nutrician Seaweed",Easy,2-3,Naso elegans (Blonde variant),Indian Ocean,76-84°F,1.019-1.025 SG,8.1-8.4,8-12 dKH,Moderate-High,Gray-brown body with a yellow/blonde dorsal patch,Peaceful Community,Tang Naso Blonde (Small),Tang Naso Blonde (Small),https://bubba751.github.io/Saltwater-HTML-Files/Tang Naso Blonde (Small).html,C667011
Tang Orange Shoulder (Large),Semi-Aggressive,Reef Safe,12 Inches,55 Gallon,10-20 Years,No,"Marine Cuisine, Emerald Entree, Beta Brine, Ocean Nutrician Seaweed",Easy,2-3,Acanthurus olivaceus,Indo-Pacific,76-84°F,1.019-1.025 SG,8.1-8.4,8-12 dKH,Moderate-High,Gray-blue body with a bold orange shoulder patch,Semi-Aggressive Community,Tang Orange Shoulder (Large),Tang Orange Shoulder (Large),https://bubba751.github.io/Saltwater-HTML-Files/Tang Orange Shoulder (Large).html,TA24
Tang Orange Shoulder (Medium),Semi-Aggressive,Reef Safe,12 Inches,55 Gallon,10-20 Years,No,"Marine Cuisine, Emerald Entree, Beta Brine, Ocean Nutrician Seaweed",Easy,2-3,Acanthurus olivaceus,Indo-Pacific,76-84°F,1.019-1.025 SG,8.1-8.4,8-12 dKH,Moderate-High,Gray-blue body with a bold orange shoulder patch,Semi-Aggressive Community,Tang Orange Shoulder (Medium),Tang Orange Shoulder (Medium),https://bubba751.github.io/Saltwater-HTML-Files/Tang Orange Shoulder (Medium).html,F785983
Tang Orange Shoulder (Small),Semi-Aggressive,Reef Safe,12 Inches,55 Gallon,10-20 Years,No,"Marine Cuisine, Emerald Entree, Beta Brine, Ocean Nutrician Seaweed",Easy,2-3,Acanthurus olivaceus,Indo-Pacific,76-84°F,1.019-1.025 SG,8.1-8.4,8-12 dKH,Moderate-High,Gray-blue body with a bold orange shoulder patch,Semi-Aggressive Community,Tang Orange Shoulder (Small),Tang Orange Shoulder (Small),https://bubba751.github.io/Saltwater-HTML-Files/Tang Orange Shoulder (Small).html,334373Z
Tang Powder Blue (Large),Semi-Aggressive,Reef Safe,8 Inches,55 Gallon,8-15 Years,No,"Marine Cuisine, Emerald Entree, Beta Brine, Ocean Nutrician Seaweed",Moderate,2-3,Acanthurus leucosternon,Indian Ocean,76-84°F,1.019-1.025 SG,8.1-8.4,8-12 dKH,High,"Powder blue body, black face mask, yellow dorsal fin",Semi-Aggressive Community,Tang Powder Blue (Large),Tang Powder Blue (Large),https://bubba751.github.io/Saltwater-HTML-Files/Tang Powder Blue (Large).html,TA27
Tang Powder Blue (Medium),Semi-Aggressive,Reef Safe,8 Inches,55 Gallon,8-15 Years,No,"Marine Cuisine, Emerald Entree, Beta Brine, Ocean Nutrician Seaweed",Moderate,2-3,Acanthurus leucosternon,Indian Ocean,76-84°F,1.019-1.025 SG,8.1-8.4,8-12 dKH,High,"Powder blue body, black face mask, yellow dorsal fin",Semi-Aggressive Community,Tang Powder Blue (Medium),Tang Powder Blue (Medium),https://bubba751.github.io/Saltwater-HTML-Files/Tang Powder Blue (Medium).html,TA26
Tang Powder Blue (Small),Semi-Aggressive,Reef Safe,8 Inches,55 Gallon,8-15 Years,No,"Marine Cuisine, Emerald Entree, Beta Brine, Ocean Nutrician Seaweed",Moderate,2-3,Acanthurus leucosternon,Indian Ocean,76-84°F,1.019-1.025 SG,8.1-8.4,8-12 dKH,High,"Powder blue body, black face mask, yellow dorsal fin",Semi-Aggressive Community,Tang Powder Blue (Small),Tang Powder Blue (Small),https://bubba751.github.io/Saltwater-HTML-Files/Tang Powder Blue (Small).html,TA25
Tang Powder Brown (Large),Semi-Aggressive,Reef Safe,6 Inches,55 Gallon,8-15 Years,No,"Marine Cuisine, Emerald Entree, Beta Brine, Ocean Nutrician Seaweed",Moderate,2-3,Acanthurus japonicus,Western Pacific,76-84°F,1.019-1.025 SG,8.1-8.4,8-12 dKH,Moderate-High,"Brown body, black face mask, yellow accents near tail",Semi-Aggressive Community,Tang Powder Brown (Large),Tang Powder Brown (Large),https://bubba751.github.io/Saltwater-HTML-Files/Tang Powder Brown (Large).html,TA29
Tang Powder Brown (Medium),Semi-Aggressive,Reef Safe,6 Inches,55 Gallon,8-15 Years,No,"Marine Cuisine, Emerald Entree, Beta Brine, Ocean Nutrician Seaweed",Moderate,2-3,Acanthurus japonicus,Western Pacific,76-84°F,1.019-1.025 SG,8.1-8.4,8-12 dKH,Moderate-High,"Brown body, black face mask, yellow accents near tail",Semi-Aggressive Community,Tang Powder Brown (Medium),Tang Powder Brown (Medium),https://bubba751.github.io/Saltwater-HTML-Files/Tang Powder Brown (Medium).html,TA28
Tang Powder Brown (Small),Semi-Aggressive,Reef Safe,6 Inches,55 Gallon,8-15 Years,No,"Marine Cuisine, Emerald Entree, Beta Brine, Ocean Nutrician Seaweed",Moderate,2-3,Acanthurus japonicus,Western Pacific,76-84°F,1.019-1.025 SG,8.1-8.4,8-12 dKH,Moderate-High,"Brown body, black face mask, yellow accents near tail",Semi-Aggressive Community,Tang Powder Brown (Small),Tang Powder Brown (Small),https://bubba751.github.io/Saltwater-HTML-Files/Tang Powder Brown (Small).html,C267302
Tang Purple (Large),Peaceful,Reef Safe,8 Inches,55 Gallon,10-20 Years,No,"Marine Cuisine, Emerald Entree, Beta Brine, Ocean Nutrician Seaweed",Easy,2-3,Zebrasoma xanthurum,"Red Sea, Indian Ocean",76-84°F,1.019-1.025 SG,8.1-8.4,8-12 dKH,Moderate,"Deep purple-blue body, yellow tail",Peaceful Community,Tang Purple (Large),Tang Purple (Large),https://bubba751.github.io/Saltwater-HTML-Files/Tang Purple (Large).html,TA31
Tang Purple (Medium),Peaceful,Reef Safe,8 Inches,55 Gallon,10-20 Years,No,"Marine Cuisine, Emerald Entree, Beta Brine, Ocean Nutrician Seaweed",Easy,2-3,Zebrasoma xanthurum,"Red Sea, Indian Ocean",76-84°F,1.019-1.025 SG,8.1-8.4,8-12 dKH,Moderate,"Deep purple-blue body, yellow tail",Peaceful Community,Tang Purple (Medium),Tang Purple (Medium),https://bubba751.github.io/Saltwater-HTML-Files/Tang Purple (Medium).html,Z352455
Tang Purple (Small),Peaceful,Reef Safe,8 Inches,55 Gallon,10-20 Years,No,"Marine Cuisine, Emerald Entree, Beta Brine, Ocean Nutrician Seaweed",Easy,2-3,Zebrasoma xanthurum,"Red Sea, Indian Ocean",76-84°F,1.019-1.025 SG,8.1-8.4,8-12 dKH,Moderate,"Deep purple-blue body, yellow tail",Peaceful Community,Tang Purple (Small),Tang Purple (Small),https://bubba751.github.io/Saltwater-HTML-Files/Tang Purple (Small).html,TA30
Tang Sailfin (Large),Peaceful,Reef Safe,12 Inches,55 Gallon,10-20 Years,No,"Marine Cuisine, Emerald Entree, Beta Brine, Ocean Nutrician Seaweed",Easy,2-3,Zebrasoma veliferum,Indo-Pacific,76-84°F,1.019-1.025 SG,8.1-8.4,8-12 dKH,Moderate,"Brown-gray body with fine vertical striping, large sail-like dorsal fin",Peaceful Community,Tang Sailfin (Large),Tang Sailfin (Large),https://bubba751.github.io/Saltwater-HTML-Files/Tang Sailfin (Large).html,TA34
Tang Sailfin (Medium),Peaceful,Reef Safe,12 Inches,55 Gallon,10-20 Years,No,"Marine Cuisine, Emerald Entree, Beta Brine, Ocean Nutrician Seaweed",Easy,2-3,Zebrasoma veliferum,Indo-Pacific,76-84°F,1.019-1.025 SG,8.1-8.4,8-12 dKH,Moderate,"Brown-gray body with fine vertical striping, large sail-like dorsal fin",Peaceful Community,Tang Sailfin (Medium),Tang Sailfin (Medium),https://bubba751.github.io/Saltwater-HTML-Files/Tang Sailfin (Medium).html,TA33
Tang Sailfin (Small),Peaceful,Reef Safe,12 Inches,55 Gallon,10-20 Years,No,"Marine Cuisine, Emerald Entree, Beta Brine, Ocean Nutrician Seaweed",Easy,2-3,Zebrasoma veliferum,Indo-Pacific,76-84°F,1.019-1.025 SG,8.1-8.4,8-12 dKH,Moderate,"Brown-gray body with fine vertical striping, large sail-like dorsal fin",Peaceful Community,Tang Sailfin (Small),Tang Sailfin (Small),https://bubba751.github.io/Saltwater-HTML-Files/Tang Sailfin (Small).html,TA32
Tang Scopus (Large),Peaceful,Reef Safe,12 Inches,55 Gallon,10-20 Years,No,"Marine Cuisine, Emerald Entree, Beta Brine, Ocean Nutrician Seaweed",Easy,2-3,Naso brevirostris / Naso vlamingii type (Scopus/Vlamingii tang),Indo-Pacific,76-84°F,1.019-1.025 SG,8.1-8.4,8-12 dKH,Moderate-High,"Gray-brown body, blue highlights on face/fins as adult",Peaceful Community,Tang Scopus (Large),Tang Scopus (Large),https://bubba751.github.io/Saltwater-HTML-Files/Tang Scopus (Large).html,TA38
Tang Scopus (Medium),Peaceful,Reef Safe,12 Inches,55 Gallon,10-20 Years,No,"Marine Cuisine, Emerald Entree, Beta Brine, Ocean Nutrician Seaweed",Easy,2-3,Naso brevirostris / Naso vlamingii type (Scopus/Vlamingii tang),Indo-Pacific,76-84°F,1.019-1.025 SG,8.1-8.4,8-12 dKH,Moderate-High,"Gray-brown body, blue highlights on face/fins as adult",Peaceful Community,Tang Scopus (Medium),Tang Scopus (Medium),https://bubba751.github.io/Saltwater-HTML-Files/Tang Scopus (Medium).html,542966R
Tang Scopus (Small),Peaceful,Reef Safe,12 Inches,55 Gallon,10-20 Years,No,"Marine Cuisine, Emerald Entree, Beta Brine, Ocean Nutrician Seaweed",Easy,2-3,Naso brevirostris / Naso vlamingii type (Scopus/Vlamingii tang),Indo-Pacific,76-84°F,1.019-1.025 SG,8.1-8.4,8-12 dKH,Moderate-High,"Gray-brown body, blue highlights on face/fins as adult",Peaceful Community,Tang Scopus (Small),Tang Scopus (Small),https://bubba751.github.io/Saltwater-HTML-Files/Tang Scopus (Small).html,D488094
Tang Sohal (Large),Semi-Aggressive,Reef Safe,15 Inches,55 Gallon,10-20 Years,No,"Marine Cuisine, Emerald Entree, Beta Brine, Ocean Nutrician Seaweed",Easy,2-3,Acanthurus sohal,Red Sea,76-84°F,1.019-1.025 SG,8.1-8.4,8-12 dKH,High,Blue-gray body with bold horizontal orange and blue striping,Semi-Aggressive Community,Tang Sohal (Large),Tang Sohal (Large),https://bubba751.github.io/Saltwater-HTML-Files/Tang Sohal (Large).html,TA39
Tang Sohal (Medium),Semi-Aggressive,Reef Safe,15 Inches,55 Gallon,10-20 Years,No,"Marine Cuisine, Emerald Entree, Beta Brine, Ocean Nutrician Seaweed",Easy,2-3,Acanthurus sohal,Red Sea,76-84°F,1.019-1.025 SG,8.1-8.4,8-12 dKH,High,Blue-gray body with bold horizontal orange and blue striping,Semi-Aggressive Community,Tang Sohal (Medium),Tang Sohal (Medium),https://bubba751.github.io/Saltwater-HTML-Files/Tang Sohal (Medium).html,3631211
Tang Sohal (Small),Semi-Aggressive,Reef Safe,15 Inches,55 Gallon,10-20 Years,No,"Marine Cuisine, Emerald Entree, Beta Brine, Ocean Nutrician Seaweed",Easy,2-3,Acanthurus sohal,Red Sea,76-84°F,1.019-1.025 SG,8.1-8.4,8-12 dKH,High,Blue-gray body with bold horizontal orange and blue striping,Semi-Aggressive Community,Tang Sohal (Small),Tang Sohal (Small),https://bubba751.github.io/Saltwater-HTML-Files/Tang Sohal (Small).html,205606Z
Tang Tomini (Large),Peaceful,Reef Safe,7 Inches,55 Gallon,10-20 Years,No,"Marine Cuisine, Emerald Entree, Beta Brine, Ocean Nutrician Seaweed",Easy,2-3,Ctenochaetus strigosus (white-tail variant),Hawaii/Pacific,76-84°F,1.019-1.025 SG,8.1-8.4,8-12 dKH,Moderate,"Brown/tan body with fine gold striping, white tail base",Peaceful Community,Tang Tomini (Large),Tang Tomini (Large),https://bubba751.github.io/Saltwater-HTML-Files/Tang Tomini (Large).html,901362P
Tang Tomini (Medium),Peaceful,Reef Safe,7 Inches,55 Gallon,10-20 Years,No,"Marine Cuisine, Emerald Entree, Beta Brine, Ocean Nutrician Seaweed",Easy,2-3,Ctenochaetus strigosus (white-tail variant),Hawaii/Pacific,76-84°F,1.019-1.025 SG,8.1-8.4,8-12 dKH,Moderate,"Brown/tan body with fine gold striping, white tail base",Peaceful Community,Tang Tomini (Medium),Tang Tomini (Medium),https://bubba751.github.io/Saltwater-HTML-Files/Tang Tomini (Medium).html,TA41
Tang Tomini (Small),Peaceful,Reef Safe,7 Inches,55 Gallon,10-20 Years,No,"Marine Cuisine, Emerald Entree, Beta Brine, Ocean Nutrician Seaweed",Easy,2-3,Ctenochaetus strigosus (white-tail variant),Hawaii/Pacific,76-84°F,1.019-1.025 SG,8.1-8.4,8-12 dKH,Moderate,"Brown/tan body with fine gold striping, white tail base",Peaceful Community,Tang Tomini (Small),Tang Tomini (Small),https://bubba751.github.io/Saltwater-HTML-Files/Tang Tomini (Small).html,TA40
Tang White Tail Bristletooth (Large),Peaceful,Reef Safe,6 Inches,55 Gallon,10-20 Years,No,"Marine Cuisine, Emerald Entree, Beta Brine, Ocean Nutrician Seaweed",Easy,2-3,Ctenochaetus flavicauda,Central and South Pacific Ocean,76-84°F,1.019-1.025 SG,8.1-8.4,8-12 dKH,Moderate,"Burgundy, pinkish-purple, or deep brown body adorned with fine orange-yellow spots on the head that stream into lines along the flanks.",Peaceful Community,Tang White Tail Bristletooth (Large),Tang White Tail Bristletooth (Large),https://bubba751.github.io/Saltwater-HTML-Files/Tang White Tail Bristletooth (Large).html,2016898
Tang White Tail Bristletooth (Medium),Peaceful,Reef Safe,6 Inches,55 Gallon,10-20 Years,No,"Marine Cuisine, Emerald Entree, Beta Brine, Ocean Nutrician Seaweed",Easy,2-3,Ctenochaetus flavicauda,Central and South Pacific Ocean,76-84°F,1.019-1.025 SG,8.1-8.4,8-12 dKH,Moderate,"Burgundy, pinkish-purple, or deep brown body adorned with fine orange-yellow spots on the head that stream into lines along the flanks.",Peaceful Community,Tang White Tail Bristletooth (Medium),Tang White Tail Bristletooth (Medium),https://bubba751.github.io/Saltwater-HTML-Files/Tang White Tail Bristletooth (Medium).html,270543R
Tang White Tail Bristletooth (Small),Peaceful,Reef Safe,6 Inches,55 Gallon,10-20 Years,No,"Marine Cuisine, Emerald Entree, Beta Brine, Ocean Nutrician Seaweed",Easy,2-3,Ctenochaetus flavicauda,Central and South Pacific Ocean,76-84°F,1.019-1.025 SG,8.1-8.4,8-12 dKH,Moderate,"Burgundy, pinkish-purple, or deep brown body adorned with fine orange-yellow spots on the head that stream into lines along the flanks.",Peaceful Community,Tang White Tail Bristletooth (Small),Tang White Tail Bristletooth (Small),https://bubba751.github.io/Saltwater-HTML-Files/Tang White Tail Bristletooth (Small).html,904806M
Tang White Tail Kole (Large),Peaceful,Reef Safe,6 Inches,55 Gallon,10-20 Years,No,"Marine Cuisine, Emerald Entree, Beta Brine, Ocean Nutrician Seaweed",Easy,2-3,Acanthurus pyroferus (yellow/chocolate transitional mimic form),Indo-Pacific,76-84°F,1.019-1.025 SG,8.1-8.4,8-12 dKH,Moderate,Yellow body transitioning to chocolate brown with maturity,Peaceful Community,Tang White Tail Kole (Large),Tang White Tail Kole (Large),https://bubba751.github.io/Saltwater-HTML-Files/Tang White Tail Kole (Large).html,TA42
Tang White Tail Kole (Medium),Peaceful,Reef Safe,6 Inches,55 Gallon,10-20 Years,No,"Marine Cuisine, Emerald Entree, Beta Brine, Ocean Nutrician Seaweed",Easy,2-3,Acanthurus pyroferus (yellow/chocolate transitional mimic form),Indo-Pacific,76-84°F,1.019-1.025 SG,8.1-8.4,8-12 dKH,Moderate,Yellow body transitioning to chocolate brown with maturity,Peaceful Community,Tang White Tail Kole (Medium),Tang White Tail Kole (Medium),https://bubba751.github.io/Saltwater-HTML-Files/Tang White Tail Kole (Medium).html,Z798848
Tang White Tail Kole (Small),Peaceful,Reef Safe,6 Inches,55 Gallon,10-20 Years,No,"Marine Cuisine, Emerald Entree, Beta Brine, Ocean Nutrician Seaweed",Easy,2-3,Acanthurus pyroferus (yellow/chocolate transitional mimic form),Indo-Pacific,76-84°F,1.019-1.025 SG,8.1-8.4,8-12 dKH,Moderate,Yellow body transitioning to chocolate brown with maturity,Peaceful Community,Tang White Tail Kole (Small),Tang White Tail Kole (Small),https://bubba751.github.io/Saltwater-HTML-Files/Tang White Tail Kole (Small).html,H120144
Tang Yellow (Large),Peaceful,Reef Safe,Varies,55 Gallon,10-20 Years,No,"Marine Cuisine, Emerald Entree, Beta Brine, Ocean Nutrician Seaweed",Easy,2-3,Acanthuridae (general),Indo-Pacific,76-84°F,1.019-1.025 SG,8.1-8.4,8-12 dKH,Moderate,Varies by species,Peaceful Community,Tang Yellow (Large),Tang Yellow (Large),https://bubba751.github.io/Saltwater-HTML-Files/Tang Yellow (Large).html,TA45
Tang Yellow (Medium),Peaceful,Reef Safe,Varies,55 Gallon,10-20 Years,No,"Marine Cuisine, Emerald Entree, Beta Brine, Ocean Nutrician Seaweed",Easy,2-3,Acanthuridae (general),Indo-Pacific,76-84°F,1.019-1.025 SG,8.1-8.4,8-12 dKH,Moderate,Varies by species,Peaceful Community,Tang Yellow (Medium),Tang Yellow (Medium),https://bubba751.github.io/Saltwater-HTML-Files/Tang Yellow (Medium).html,TA44
Tang Yellow (Small),Peaceful,Reef Safe,Varies,55 Gallon,10-20 Years,No,"Marine Cuisine, Emerald Entree, Beta Brine, Ocean Nutrician Seaweed",Easy,2-3,Acanthuridae (general),Indo-Pacific,76-84°F,1.019-1.025 SG,8.1-8.4,8-12 dKH,Moderate,Varies by species,Peaceful Community,Tang Yellow (Small),Tang Yellow (Small),https://bubba751.github.io/Saltwater-HTML-Files/Tang Yellow (Small).html,TA43
Tang Yellow Chocolate Mimic (Large),Peaceful,Reef Safe,7 Inches,55 Gallon,10-20 Years,No,"Marine Cuisine, Emerald Entree, Beta Brine, Ocean Nutrician Seaweed",Easy,2-3,Ctenochaetus strigosus (yellow-eye variant),Hawaii,76-84°F,1.019-1.025 SG,8.1-8.4,8-12 dKH,Moderate,"Brown/tan body with fine gold striping, yellow eye ring",Peaceful Community,Tang Yellow Chocolate Mimic (Large),Tang Yellow Chocolate Mimic (Large),https://bubba751.github.io/Saltwater-HTML-Files/Tang Yellow Chocolate Mimic (Large).html,TA46
Tang Yellow Chocolate Mimic (Medium),Peaceful,Reef Safe,7 Inches,55 Gallon,10-20 Years,No,"Marine Cuisine, Emerald Entree, Beta Brine, Ocean Nutrician Seaweed",Easy,2-3,Ctenochaetus strigosus (yellow-eye variant),Hawaii,76-84°F,1.019-1.025 SG,8.1-8.4,8-12 dKH,Moderate,"Brown/tan body with fine gold striping, yellow eye ring",Peaceful Community,Tang Yellow Chocolate Mimic (Medium),Tang Yellow Chocolate Mimic (Medium),https://bubba751.github.io/Saltwater-HTML-Files/Tang Yellow Chocolate Mimic (Medium).html,1880330
Tang Yellow Chocolate Mimic (Small),Peaceful,Reef Safe,7 Inches,55 Gallon,10-20 Years,No,"Marine Cuisine, Emerald Entree, Beta Brine, Ocean Nutrician Seaweed",Easy,2-3,Ctenochaetus strigosus (yellow-eye variant),Hawaii,76-84°F,1.019-1.025 SG,8.1-8.4,8-12 dKH,Moderate,"Brown/tan body with fine gold striping, yellow eye ring",Peaceful Community,Tang Yellow Chocolate Mimic (Small),Tang Yellow Chocolate Mimic (Small),https://bubba751.github.io/Saltwater-HTML-Files/Tang Yellow Chocolate Mimic (Small).html,9247716
Tang Yellow Eyed Kole (Large),Peaceful,Reef Safe,8 Inches,55 Gallon,10-20 Years,No,"Marine Cuisine, Emerald Entree, Beta Brine, Ocean Nutrician Seaweed",Easy,2-3,Zebrasoma flavescens,Hawaii/Central Pacific,76-84°F,1.019-1.025 SG,8.1-8.4,8-12 dKH,Moderate,Solid bright yellow body,Peaceful Community,Tang Yellow Eyed Kole (Large),Tang Yellow Eyed Kole (Large),https://bubba751.github.io/Saltwater-HTML-Files/Tang Yellow Eyed Kole (Large).html,TA48
Tang Yellow Eyed Kole (Medium),Peaceful,Reef Safe,8 Inches,55 Gallon,10-20 Years,No,"Marine Cuisine, Emerald Entree, Beta Brine, Ocean Nutrician Seaweed",Easy,2-3,Zebrasoma flavescens,Hawaii/Central Pacific,76-84°F,1.019-1.025 SG,8.1-8.4,8-12 dKH,Moderate,Solid bright yellow body,Peaceful Community,Tang Yellow Eyed Kole (Medium),Tang Yellow Eyed Kole (Medium),https://bubba751.github.io/Saltwater-HTML-Files/Tang Yellow Eyed Kole (Medium).html,TA47
Tang Yellow Eyed Kole (Small),Peaceful,Reef Safe,8 Inches,55 Gallon,10-20 Years,No,"Marine Cuisine, Emerald Entree, Beta Brine, Ocean Nutrician Seaweed",Easy,2-3,Zebrasoma flavescens,Hawaii/Central Pacific,76-84°F,1.019-1.025 SG,8.1-8.4,8-12 dKH,Moderate,Solid bright yellow body,Peaceful Community,Tang Yellow Eyed Kole (Small),Tang Yellow Eyed Kole (Small),https://bubba751.github.io/Saltwater-HTML-Files/Tang Yellow Eyed Kole (Small).html,3625347
Trigger Black Indicus,Aggressive,Not Reef Safe,10 Inches,55 Gallon,10-20 Years,No,"Marine Cuisine, Emerald Entree, Beta Brine, Ocean Nutrician Seaweed",Easy,2-3,Melichthys indicus / niger group,Indian Ocean,76-84°F,1.019-1.025 SG,8.1-8.4,8-12 dKH,Moderate,Black body with blue-tinged fins,Aggressive Community (fish-only preferred),Trigger Black Indicus,Trigger Black Indicus,https://bubba751.github.io/Saltwater-HTML-Files/Trigger Black Indicus.html,TR08
Trigger Blue Jaw,Semi-Aggressive,Reef Caution,12 Inches,55 Gallon,10-20 Years,No,"Marine Cuisine, Emerald Entree, Beta Brine, Ocean Nutrician Seaweed",Easy,2-3,Xanthichthys auromarginatus (Blue-jaw/Gilded Triggerfish),Indo-Pacific,76-84°F,1.019-1.025 SG,8.1-8.4,8-12 dKH,Moderate-High,"Blue-gray body, yellow fin margins, blue jaw",Semi-Aggressive Community,Trigger Blue Jaw,Trigger Blue Jaw,https://bubba751.github.io/Saltwater-HTML-Files/Trigger Blue Jaw.html,TR09
Trigger Clown,Aggressive,Not Reef Safe,20 Inches,55 Gallon,15-20 Years,No,"Marine Cuisine, Emerald Entree, Beta Brine, Ocean Nutrician Seaweed",Easy,2-3,Balistoides conspicillum,Indo-Pacific,76-84°F,1.019-1.025 SG,8.1-8.4,8-12 dKH,Moderate,"Black body with large white spots below, yellow net-pattern above",Aggressive Community (fish-only),Trigger Clown,Trigger Clown,https://bubba751.github.io/Saltwater-HTML-Files/Trigger Clown.html,TR01
Trigger Huma (Large),Aggressive,Not Reef Safe,10 Inches,55 Gallon,10-20 Years,No,"Beta Brine, Marine Cuisine, Emerald Entree, Krill, Squid, Silverside",Easy,2-3,Rhinecanthus aculeatus (Picasso/Huma Huma Trigger),Indo-Pacific,76-84°F,1.019-1.025 SG,8.1-8.4,8-12 dKH,Moderate,"Tan body with bold black, blue, and orange geometric patterning",Aggressive Community,Trigger Huma (Large),Trigger Huma (Large),https://bubba751.github.io/Saltwater-HTML-Files/Trigger Huma (Large).html,TR03
Trigger Huma (Medium),Aggressive,Not Reef Safe,10 Inches,55 Gallon,10-20 Years,No,"Beta Brine, Marine Cuisine, Emerald Entree, Krill, Squid, Silverside",Easy,2-3,Rhinecanthus aculeatus (Picasso/Huma Huma Trigger),Indo-Pacific,76-84°F,1.019-1.025 SG,8.1-8.4,8-12 dKH,Moderate,"Tan body with bold black, blue, and orange geometric patterning",Aggressive Community,Trigger Huma (Medium),Trigger Huma (Medium),https://bubba751.github.io/Saltwater-HTML-Files/Trigger Huma (Medium).html,TR02
Trigger Huma (Small),Aggressive,Not Reef Safe,10 Inches,55 Gallon,10-20 Years,No,"Beta Brine, Marine Cuisine, Emerald Entree, Krill, Squid, Silverside",Easy,2-3,Rhinecanthus aculeatus (Picasso/Huma Huma Trigger),Indo-Pacific,76-84°F,1.019-1.025 SG,8.1-8.4,8-12 dKH,Moderate,"Tan body with bold black, blue, and orange geometric patterning",Aggressive Community,Trigger Huma (Small),Trigger Huma (Small),https://github.com/Bubba751/Saltwater-HTML-Files/blob/main/Trigger%20Huma%20(Small).html,4057860
Trigger Niger (Large),Semi-Aggressive,Reef Caution,12 Inches,55 Gallon,10-20 Years,No,"Beta Brine, Marine Cuisine, Emerald Entree, Krill, Squid, Silverside",Easy,2-3,Odonus niger,Indo-Pacific,76-84°F,1.019-1.025 SG,8.1-8.4,8-12 dKH,Moderate-High,"Deep blue-green body, red teeth",Semi-Aggressive Community,Trigger Niger (Large),Trigger Niger (Large),https://bubba751.github.io/Saltwater-HTML-Files/Trigger Niger (Large).html,TR07
Trigger Niger (Medium),Semi-Aggressive,Reef Caution,12 Inches,55 Gallon,10-20 Years,No,"Beta Brine, Marine Cuisine, Emerald Entree, Krill, Squid, Silverside",Easy,2-3,Odonus niger,Indo-Pacific,76-84°F,1.019-1.025 SG,8.1-8.4,8-12 dKH,Moderate-High,"Deep blue-green body, red teeth",Semi-Aggressive Community,Trigger Niger (Medium),Trigger Niger (Medium),https://bubba751.github.io/Saltwater-HTML-Files/Trigger Niger (Medium).html,TR06
Trigger Rectangular (Large),Semi-Aggressive,Not Reef Safe,20 Inches,55 Gallon,10-20 Years,No,"Beta Brine, Marine Cuisine, Emerald Entree, Krill, Squid, Silverside",Easy,2-3,Rhinecanthus rectangulus / Balistes sp. (Rectangular Trigger),Indo-Pacific,76-84°F,1.019-1.025 SG,8.1-8.4,8-12 dKH,Moderate,Tan/brown body with bold geometric black striping,Aggressive Community (fish-only),Trigger Rectangular (Large),Trigger Rectangular (Large),https://bubba751.github.io/Saltwater-HTML-Files/Trigger Rectangular (Large).html,TR05
Trigger Rectangular (Medium),Semi-Aggressive,Not Reef Safe,20 Inches,55 Gallon,10-20 Years,No,"Beta Brine, Marine Cuisine, Emerald Entree, Krill, Squid, Silverside",Easy,2-3,Rhinecanthus rectangulus / Balistes sp. (Rectangular Trigger),Indo-Pacific,76-84°F,1.019-1.025 SG,8.1-8.4,8-12 dKH,Moderate,Tan/brown body with bold geometric black striping,Aggressive Community (fish-only),Trigger Rectangular (Medium),Trigger Rectangular (Medium),https://bubba751.github.io/Saltwater-HTML-Files/Trigger Rectangular (Medium).html,TR04
Wrasse 6 Line,Semi-Aggressive,Reef Safe,4 Inches,20 Gallon,4-6 Years,Yes,"Beta Brine, ROE, Arcti Pods",Easy,2-3,Pseudocheilinus hexataenia,Indo-Pacific,76-84°F,1.019-1.025 SG,8.1-8.4,8-12 dKH,Low-Moderate,Orange body with 6 horizontal purple-blue stripes,Semi-Aggressive Community,Wrasse 6 Line,Wrasse 6 Line,https://bubba751.github.io/Saltwater-HTML-Files/Wrasse 6 Line.html,WR17
Wrasse Banana,Peaceful,Reef Safe,4 Inches,30 Gallon,4-6 Years,Yes,"Beta Brine, ROE, Arcti Pods",Easy,2-3,Halichoeres chrysus (Banana/Yellow Wrasse - often called Banana Wrasse in trade),Indo-Pacific,76-84°F,1.019-1.025 SG,8.1-8.4,8-12 dKH,Moderate,Solid bright yellow body,Peaceful Community,Wrasse Banana,Wrasse Banana,https://bubba751.github.io/Saltwater-HTML-Files/Wrasse Banana.html,WR01
Wrasse Carpenter,Peaceful,Reef Safe,4 Inches,20 Gallon,4-6 Years,Yes,"Beta Brine, ROE, Arcti Pods",Easy,2-3,Paracheilinus carpenteri (Flasher Wrasse),Indo-Pacific,76-84°F,1.019-1.025 SG,8.1-8.4,8-12 dKH,Moderate,"Red-orange body with blue striping, flashing fin displays in males","Peaceful Community, best kept as 1 male with several females",Wrasse Carpenter,Wrasse Carpenter,https://bubba751.github.io/Saltwater-HTML-Files/Wrasse Carpenter.html,WR02
Wrasse Christmas,Peaceful,Reef Safe,8 Inches,29 Gallon,4-6 Years,Yes,"Beta Brine, ROE, Arcti Pods",Easy,2-3,Halichoeres ornatissimus (Christmas Wrasse),Indo-Pacific,76-84°F,1.019-1.025 SG,8.1-8.4,8-12 dKH,Moderate,Green body with red/pink striping and spotting,Peaceful Community,Wrasse Christmas,Wrasse Christmas,https://bubba751.github.io/Saltwater-HTML-Files/Wrasse Christmas.html,WR03
Wrasse Hogfish Dianas,Semi-Aggressive,Not Reef Safe,6 Inches,30 Gallon,4-6 Years,Yes,"Beta Brine, ROE, Arcti Pods",Easy,2-3,Bodianus diana,Indo-Pacific,76-84°F,1.019-1.025 SG,8.1-8.4,8-12 dKH,Moderate,"Named after Diana, the Roman goddess of the chase and the moon, it is widely celebrated for its striking coloration",Semi-Aggressive Community,Wrasse Hogfish Dianas,Wrasse Hogfish Dianas,https://github.com/Bubba751/Saltwater-HTML-Files/blob/main/Wrasse%20Hogfish%20Dianas.html,X506999
Wrasse Fairy,Peaceful,Reef Safe,4-5 Inches,20 Gallon,4-6 Years,Yes,"Beta Brine, ROE, Arcti Pods",Easy,2-3,Cirrhilabrus spp.,Indo-Pacific,76-84°F,1.019-1.025 SG,8.1-8.4,8-12 dKH,Moderate,"Varies by species, often pink/purple/red","Peaceful Community, best 1 male with several females",Wrasse Fairy,Wrasse Fairy,https://bubba751.github.io/Saltwater-HTML-Files/Wrasse Fairy.html,WR06
Wrasse Fairy Purple,Peaceful,Reef Safe,4 Inches,20 Gallon,4-6 Years,Yes,"Beta Brine, ROE, Arcti Pods",Easy,2-3,Cirrhilabrus rubrisquamis or similar purple fairy wrasse,Indo-Pacific,76-84°F,1.019-1.025 SG,8.1-8.4,8-12 dKH,Moderate,Deep purple/violet body,Peaceful Community,Wrasse Fairy Purple,Wrasse Fairy Purple,https://bubba751.github.io/Saltwater-HTML-Files/Wrasse Fairy Purple.html,WR04
Wrasse Fairy Solon,Peaceful,Reef Safe,5 Inches,20 Gallon,4-6 Years,Yes,"Beta Brine, ROE, Arcti Pods",Easy,2-3,Cirrhilabrus solorensis,Indo-Pacific,76-84°F,1.019-1.025 SG,8.1-8.4,8-12 dKH,Moderate,Red-orange body with blue facial markings,Peaceful Community,Wrasse Fairy Solon,Wrasse Fairy Solon,https://bubba751.github.io/Saltwater-HTML-Files/Wrasse Fairy Solon.html,WR05
Wrasse Flasher,Peaceful,Reef Safe,3 Inches,20 Gallon,3-5 Years,Yes,"Beta Brine, ROE, Arcti Pods",Easy,2-3,Paracheilinus spp.,Indo-Pacific,76-84°F,1.019-1.025 SG,8.1-8.4,8-12 dKH,Moderate,"Varies by species, vivid red/purple with flashing fin displays","Peaceful Community, best 1 male with several females",Wrasse Flasher,Wrasse Flasher,https://bubba751.github.io/Saltwater-HTML-Files/Wrasse Flasher.html,WR07
Wrasse Harlequin Tusk,Semi-Aggressive,Not Reef Safe,10 Inches,55 Gallon,6-10 Years,Yes,"Beta Brine, ROE, Arcti Pods",Easy,2-3,Choerodon fasciatus,Indo-Pacific,76-84°F,1.019-1.025 SG,8.1-8.4,8-12 dKH,Moderate,"Orange body with blue horizontal stripes, blue tusk-like teeth",Semi-Aggressive Community,Wrasse Harlequin Tusk,Wrasse Harlequin Tusk,https://bubba751.github.io/Saltwater-HTML-Files/Wrasse Harlequin Tusk.html,WR08
Wrasse Leopard,Peaceful,Reef Safe,8 Inches,20 Gallon,4-6 Years,Yes,"Beta Brine, ROE, Arcti Pods",Moderate,2-3,Macropharyngodon meleagris (Leopard/Guinea Fowl Wrasse),Indo-Pacific,76-84°F,1.019-1.025 SG,8.1-8.4,8-12 dKH,Moderate,"Dark body with white spotting, orange highlights",Peaceful Community,Wrasse Leopard,Wrasse Leopard,https://bubba751.github.io/Saltwater-HTML-Files/Wrasse Leopard.html,WR09
Wrasse Lunare,Semi-Aggressive,Reef Caution,12 Inches,29 Gallon,6-10 Years,Yes,"Beta Brine, ROE, Arcti Pods",Easy,2-3,Thalassoma lunare (Moon/Lyretail Wrasse),Indo-Pacific,76-84°F,1.019-1.025 SG,8.1-8.4,8-12 dKH,Moderate,"Green body with pink/purple facial markings, yellow crescent tail",Semi-Aggressive Community,Wrasse Lunare,Wrasse Lunare,https://bubba751.github.io/Saltwater-HTML-Files/Wrasse Lunare.html,WR10
Wrasse McCosker,Peaceful,Reef Safe,4 Inches,20 Gallon,4-6 Years,Yes,"Beta Brine, ROE, Arcti Pods",Easy,2-3,Cirrhilabrus mccoskeri,Indo-Pacific,76-84°F,1.019-1.025 SG,8.1-8.4,8-12 dKH,Moderate,Red-orange body with blue-edged fins,Peaceful Community,Wrasse McCosker,Wrasse McCosker,https://bubba751.github.io/Saltwater-HTML-Files/Wrasse McCosker.html,WR11
Wrasse Melanarus,Peaceful,Reef Safe,5 Inches,20 Gallon,4-6 Years,Yes,"Beta Brine, ROE, Arcti Pods",Easy,2-3,Halichoeres melanurus,Indo-Pacific,76-84°F,1.019-1.025 SG,8.1-8.4,8-12 dKH,Moderate,Green-blue body with orange striping,Peaceful Community,Wrasse Melanarus,Wrasse Melanarus,https://bubba751.github.io/Saltwater-HTML-Files/Wrasse Melanarus.html,WR12
Wrasse Potters,Peaceful,Reef Safe,4 Inches,20 Gallon,4-6 Years,Yes,"Beta Brine, ROE, Arcti Pods",Easy,2-3,Halichoeres potteri (Potter's Wrasse),Western Pacific,76-84°F,1.019-1.025 SG,8.1-8.4,8-12 dKH,Moderate,Green-yellow body with pink/orange striping,Peaceful Community,Wrasse Potters,Wrasse Potters,https://bubba751.github.io/Saltwater-HTML-Files/Wrasse Potters.html,WR13
Wrasse Rainbow,Peaceful,Reef Safe,4 Inches,20 Gallon,4-6 Years,Yes,"Beta Brine, ROE, Arcti Pods",Easy,2-3,Halichoeres iridis or similar (Rainbow Wrasse),Indo-Pacific,76-84°F,1.019-1.025 SG,8.1-8.4,8-12 dKH,Moderate,"Multicolored body blending green, pink, and yellow",Peaceful Community,Wrasse Rainbow,Wrasse Rainbow,https://bubba751.github.io/Saltwater-HTML-Files/Wrasse Rainbow.html,WR14
Wrasse Red Coris (Extra Large),Semi-Aggressive,Reef Caution,14 Inches,29 Gallon,6-10 Years,Yes,"Beta Brine, ROE, Arcti Pods",Moderate,2-3,Coris gaimard (Red Coris/Clown Coris Wrasse),Indo-Pacific,76-84°F,1.019-1.025 SG,8.1-8.4,8-12 dKH,Moderate,"Bright red-orange body with blue spotting as juvenile, changes with age",Semi-Aggressive Community,Wrasse Red Coris (Extra Large),Wrasse Red Coris (Extra Large),https://bubba751.github.io/Saltwater-HTML-Files/Wrasse Red Coris (Extra Large).html,WR15
Wrasse Red Tail,Peaceful,Reef Safe,5 Inches,29 Gallon,4-6 Years,Yes,"Beta Brine, ROE, Arcti Pods",Easy,2-3,Cirrhilabrus rubrisquamis / similar red-tail fairy wrasse,Indo-Pacific,76-84°F,1.019-1.025 SG,8.1-8.4,8-12 dKH,Moderate,Purple-blue body with a red tail,Peaceful Community,Wrasse Red Tail,Wrasse Red Tail,https://bubba751.github.io/Saltwater-HTML-Files/Wrasse Red Tail.html,WR16
Wrasse Tri-Color (Extra Large),Peaceful,Reef Safe,4 Inches,20 Gallon,4-6 Years,Yes,"Beta Brine, ROE, Arcti Pods",Easy,2-3,Cirrhilabrus lubbocki or similar (Tri-Color Fairy Wrasse),Indo-Pacific,76-84°F,1.019-1.025 SG,8.1-8.4,8-12 dKH,Moderate,"Blends of orange, purple, and yellow across the body",Peaceful Community,Wrasse Tri-Color (Extra Large),Wrasse Tri-Color (Extra Large),https://bubba751.github.io/Saltwater-HTML-Files/Wrasse Tri-Color (Extra Large).html,WR18